region,date,metrics,type,value,value1
HJH,1979_5,SD,GWRMP,7.4286,7.4286
HJH,1979_6,SD,GWRMP,23.4123,23.4123
HJH,1979_7,SD,GWRMP,19.9319,19.9319
HJH,1979_8,SD,GWRMP,28.2474,28.2474
HJH,1979_9,SD,GWRMP,28.6446,28.6446
HJH,1980_5,SD,GWRMP,11.8633,11.8633
HJH,1980_6,SD,GWRMP,28.7947,28.7947
HJH,1980_7,SD,GWRMP,35.3642,35.3642
HJH,1980_8,SD,GWRMP,21.3085,21.3085
HJH,1980_9,SD,GWRMP,12.5535,12.5535
HJH,1981_5,SD,GWRMP,14.9936,14.9936
HJH,1981_6,SD,GWRMP,32.3576,32.3576
HJH,1981_7,SD,GWRMP,20.7754,20.7754
HJH,1981_8,SD,GWRMP,38.4878,38.4878
HJH,1981_9,SD,GWRMP,10.4835,10.4835
HJH,1982_5,SD,GWRMP,11.0408,11.0408
HJH,1982_6,SD,GWRMP,17.0639,17.0639
HJH,1982_7,SD,GWRMP,23.4923,23.4923
HJH,1982_8,SD,GWRMP,28.2055,28.2055
HJH,1982_9,SD,GWRMP,17.509,17.509
HJH,1983_5,SD,GWRMP,25.0876,25.0876
HJH,1983_6,SD,GWRMP,54.4089,54.4089
HJH,1983_7,SD,GWRMP,44.4116,44.4116
HJH,1983_8,SD,GWRMP,12.568,12.568
HJH,1983_9,SD,GWRMP,57.6447,57.6447
HJH,1984_5,SD,GWRMP,12.9631,12.9631
HJH,1984_6,SD,GWRMP,82.094,82.094
HJH,1984_7,SD,GWRMP,25.5039,25.5039
HJH,1984_8,SD,GWRMP,30.0595,30.0595
HJH,1984_9,SD,GWRMP,12.6477,12.6477
HJH,1985_5,SD,GWRMP,14.4173,14.4173
HJH,1985_6,SD,GWRMP,22.7618,22.7618
HJH,1985_7,SD,GWRMP,26.2612,26.2612
HJH,1985_8,SD,GWRMP,27.0027,27.0027
HJH,1985_9,SD,GWRMP,16.1388,16.1388
HJH,1986_5,SD,GWRMP,14.8453,14.8453
HJH,1986_6,SD,GWRMP,26.824,26.824
HJH,1986_7,SD,GWRMP,14.4347,14.4347
HJH,1986_8,SD,GWRMP,26.3632,26.3632
HJH,1986_9,SD,GWRMP,36.5275,36.5275
HJH,1987_5,SD,GWRMP,12.9511,12.9511
HJH,1987_6,SD,GWRMP,15.1126,15.1126
HJH,1987_7,SD,GWRMP,26.4728,26.4728
HJH,1987_8,SD,GWRMP,22.9968,22.9968
HJH,1987_9,SD,GWRMP,29.78,29.78
HJH,1988_5,SD,GWRMP,10.6834,10.6834
HJH,1988_6,SD,GWRMP,32.2899,32.2899
HJH,1988_7,SD,GWRMP,13.9565,13.9565
HJH,1988_8,SD,GWRMP,37.3933,37.3933
HJH,1988_9,SD,GWRMP,35.5137,35.5137
HJH,1989_5,SD,GWRMP,29.9651,29.9651
HJH,1989_6,SD,GWRMP,8.6903,8.6903
HJH,1989_7,SD,GWRMP,33.8465,33.8465
HJH,1989_8,SD,GWRMP,9.8473,9.8473
HJH,1989_9,SD,GWRMP,39.4651,39.4651
HJH,1990_5,SD,GWRMP,22.1925,22.1925
HJH,1990_6,SD,GWRMP,11.6138,11.6138
HJH,1990_7,SD,GWRMP,19.9759,19.9759
HJH,1990_8,SD,GWRMP,23.0574,23.0574
HJH,1990_9,SD,GWRMP,18.2017,18.2017
HJH,1991_5,SD,GWRMP,29.6761,29.6761
HJH,1991_6,SD,GWRMP,24.4987,24.4987
HJH,1991_7,SD,GWRMP,14.9761,14.9761
HJH,1991_8,SD,GWRMP,14.0999,14.0999
HJH,1991_9,SD,GWRMP,25.7104,25.7104
HJH,1992_5,SD,GWRMP,23.1765,23.1765
HJH,1992_6,SD,GWRMP,31.391,31.391
HJH,1992_7,SD,GWRMP,27.116,27.116
HJH,1992_8,SD,GWRMP,30.7456,30.7456
HJH,1992_9,SD,GWRMP,25.4155,25.4155
HJH,1993_5,SD,GWRMP,29.1291,29.1291
HJH,1993_6,SD,GWRMP,23.0617,23.0617
HJH,1993_7,SD,GWRMP,28.2568,28.2568
HJH,1993_8,SD,GWRMP,40.3944,40.3944
HJH,1993_9,SD,GWRMP,18.2741,18.2741
HJH,1994_5,SD,GWRMP,7.9401,7.9401
HJH,1994_6,SD,GWRMP,64.5209,64.5209
HJH,1994_7,SD,GWRMP,11.6332,11.6332
HJH,1994_8,SD,GWRMP,24.7782,24.7782
HJH,1994_9,SD,GWRMP,5.3702,5.3702
HJH,1995_5,SD,GWRMP,8.5194,8.5194
HJH,1995_6,SD,GWRMP,46.8369,46.8369
HJH,1995_7,SD,GWRMP,21.1095,21.1095
HJH,1995_8,SD,GWRMP,25.521,25.521
HJH,1995_9,SD,GWRMP,5.2082,5.2082
HJH,1996_5,SD,GWRMP,3.1367,3.1367
HJH,1996_6,SD,GWRMP,73.5923,73.5923
HJH,1996_7,SD,GWRMP,38.0652,38.0652
HJH,1996_8,SD,GWRMP,21.3237,21.3237
HJH,1996_9,SD,GWRMP,7.8813,7.8813
HJH,1997_5,SD,GWRMP,7.1061,7.1061
HJH,1997_6,SD,GWRMP,15.6684,15.6684
HJH,1997_7,SD,GWRMP,49.9739,49.9739
HJH,1997_8,SD,GWRMP,74.5801,74.5801
HJH,1997_9,SD,GWRMP,9.2629,9.2629
HJH,1998_5,SD,GWRMP,19.169,19.169
HJH,1998_6,SD,GWRMP,11.7837,11.7837
HJH,1998_7,SD,GWRMP,27.5488,27.5488
HJH,1998_8,SD,GWRMP,15.8659,15.8659
HJH,1998_9,SD,GWRMP,17.5652,17.5652
HJH,1999_5,SD,GWRMP,12.4143,12.4143
HJH,1999_6,SD,GWRMP,43.6438,43.6438
HJH,1999_7,SD,GWRMP,16.6874,16.6874
HJH,1999_8,SD,GWRMP,36.8218,36.8218
HJH,1999_9,SD,GWRMP,16.1055,16.1055
HJH,2000_5,SD,GWRMP,10.1949,10.1949
HJH,2000_6,SD,GWRMP,17.2186,17.2186
HJH,2000_7,SD,GWRMP,9.8128,9.8128
HJH,2000_8,SD,GWRMP,18.4062,18.4062
HJH,2000_9,SD,GWRMP,8.6755,8.6755
HJH,2001_5,SD,GWRMP,14.2156,14.2156
HJH,2001_6,SD,GWRMP,50.597,50.597
HJH,2001_7,SD,GWRMP,30.4766,30.4766
HJH,2001_8,SD,GWRMP,23.1816,23.1816
HJH,2001_9,SD,GWRMP,6.989,6.989
HJH,2002_5,SD,GWRMP,12.1289,12.1289
HJH,2002_6,SD,GWRMP,17.8852,17.8852
HJH,2002_7,SD,GWRMP,20.397,20.397
HJH,2002_8,SD,GWRMP,42.2889,42.2889
HJH,2002_9,SD,GWRMP,7.717,7.717
HJH,2003_5,SD,GWRMP,8.5235,8.5235
HJH,2003_6,SD,GWRMP,10.6317,10.6317
HJH,2003_7,SD,GWRMP,16.2697,16.2697
HJH,2003_8,SD,GWRMP,9.5994,9.5994
HJH,2003_9,SD,GWRMP,15.0992,15.0992
HJH,2004_5,SD,GWRMP,20.9095,20.9095
HJH,2004_6,SD,GWRMP,22.9852,22.9852
HJH,2004_7,SD,GWRMP,14.3369,14.3369
HJH,2004_8,SD,GWRMP,11.468,11.468
HJH,2004_9,SD,GWRMP,15.8415,15.8415
HJH,2005_5,SD,GWRMP,7.2511,7.2511
HJH,2005_6,SD,GWRMP,6.9492,6.9492
HJH,2005_7,SD,GWRMP,46.758,46.758
HJH,2005_8,SD,GWRMP,30.602,30.602
HJH,2005_9,SD,GWRMP,19.5753,19.5753
HJH,2006_5,SD,GWRMP,20.911,20.911
HJH,2006_6,SD,GWRMP,10.0649,10.0649
HJH,2006_7,SD,GWRMP,21.6794,21.6794
HJH,2006_8,SD,GWRMP,10.8471,10.8471
HJH,2006_9,SD,GWRMP,8.8599,8.8599
HJH,2007_5,SD,GWRMP,12.8159,12.8159
HJH,2007_6,SD,GWRMP,22.3065,22.3065
HJH,2007_7,SD,GWRMP,13.0471,13.0471
HJH,2007_8,SD,GWRMP,20.9809,20.9809
HJH,2007_9,SD,GWRMP,19.1984,19.1984
HJH,2008_5,SD,GWRMP,6.5998,6.5998
HJH,2008_6,SD,GWRMP,36.8999,36.8999
HJH,2008_7,SD,GWRMP,13.043,13.043
HJH,2008_8,SD,GWRMP,12.7934,12.7934
HJH,2008_9,SD,GWRMP,28.9193,28.9193
HJH,2009_5,SD,GWRMP,7.9499,7.9499
HJH,2009_6,SD,GWRMP,16.4568,16.4568
HJH,2009_7,SD,GWRMP,26.1913,26.1913
HJH,2009_8,SD,GWRMP,19.2764,19.2764
HJH,2009_9,SD,GWRMP,16.357,16.357
HJH,2010_5,SD,GWRMP,8.9498,8.9498
HJH,2010_6,SD,GWRMP,18.4644,18.4644
HJH,2010_7,SD,GWRMP,22.6736,22.6736
HJH,2010_8,SD,GWRMP,21.7785,21.7785
HJH,2010_9,SD,GWRMP,28.7828,28.7828
HJH,2011_5,SD,GWRMP,11.4467,11.4467
HJH,2011_6,SD,GWRMP,71.2206,71.2206
HJH,2011_7,SD,GWRMP,28.8103,28.8103
HJH,2011_8,SD,GWRMP,36.6247,36.6247
HJH,2011_9,SD,GWRMP,19.2979,19.2979
HJH,2012_5,SD,GWRMP,24.7475,24.7475
HJH,2012_6,SD,GWRMP,56.1506,56.1506
HJH,2012_7,SD,GWRMP,26.4931,26.4931
HJH,2012_8,SD,GWRMP,29.8562,29.8562
HJH,2012_9,SD,GWRMP,18.937,18.937
HJH,2013_5,SD,GWRMP,7.6252,7.6252
HJH,2013_6,SD,GWRMP,51.6321,51.6321
HJH,2013_7,SD,GWRMP,10.7958,10.7958
HJH,2013_8,SD,GWRMP,32.4253,32.4253
HJH,2013_9,SD,GWRMP,11.1627,11.1627
HJH,2014_5,SD,GWRMP,10.76,10.76
HJH,2014_6,SD,GWRMP,17.392,17.392
HJH,2014_7,SD,GWRMP,15.3698,15.3698
HJH,2014_8,SD,GWRMP,31.4886,31.4886
HJH,2014_9,SD,GWRMP,13.5399,13.5399
HJH,2015_5,SD,GWRMP,6.2835,6.2835
HJH,2015_6,SD,GWRMP,17.1865,17.1865
HJH,2015_7,SD,GWRMP,29.7416,29.7416
HJH,2015_8,SD,GWRMP,26.7073,26.7073
HJH,2015_9,SD,GWRMP,28.1426,28.1426
HJH,2016_5,SD,GWRMP,36.3643,36.3643
HJH,2016_6,SD,GWRMP,22.1533,22.1533
HJH,2016_7,SD,GWRMP,20.5616,20.5616
HJH,2016_8,SD,GWRMP,22.1775,22.1775
HJH,2016_9,SD,GWRMP,26.0587,26.0587
HQ,1979_5,SD,GWRMP,8.9634,10.30791
HQ,1979_6,SD,GWRMP,24.6608,28.35992
HQ,1979_7,SD,GWRMP,13.2541,15.242215
HQ,1979_8,SD,GWRMP,12.4045,14.265175
HQ,1979_9,SD,GWRMP,26.329,30.27835
HQ,1980_5,SD,GWRMP,17.8411,20.517265
HQ,1980_6,SD,GWRMP,12.1654,13.99021
HQ,1980_7,SD,GWRMP,21.6346,24.87979
HQ,1980_8,SD,GWRMP,20.3036,23.34914
HQ,1980_9,SD,GWRMP,5.3524,6.15526
HQ,1981_5,SD,GWRMP,9.8723,11.353145
HQ,1981_6,SD,GWRMP,9.9225,11.410875
HQ,1981_7,SD,GWRMP,18.9333,21.773295
HQ,1981_8,SD,GWRMP,25.3395,29.140425
HQ,1981_9,SD,GWRMP,7.256,8.3444
HQ,1982_5,SD,GWRMP,6.929,7.96835
HQ,1982_6,SD,GWRMP,9.4461,10.863015
HQ,1982_7,SD,GWRMP,16.8735,19.404525
HQ,1982_8,SD,GWRMP,16.6688,19.16912
HQ,1982_9,SD,GWRMP,3.882,4.4643
HQ,1983_5,SD,GWRMP,19.1063,21.972245
HQ,1983_6,SD,GWRMP,36.5892,42.07758
HQ,1983_7,SD,GWRMP,15.8204,18.19346
HQ,1983_8,SD,GWRMP,8.9105,10.247075
HQ,1983_9,SD,GWRMP,32.9969,37.946435
HQ,1984_5,SD,GWRMP,5.6811,6.533265
HQ,1984_6,SD,GWRMP,35.5233,40.851795
HQ,1984_7,SD,GWRMP,8.0242,9.22783
HQ,1984_8,SD,GWRMP,26.7146,30.72179
HQ,1984_9,SD,GWRMP,17.1186,19.68639
HQ,1985_5,SD,GWRMP,15.5644,17.89906
HQ,1985_6,SD,GWRMP,12.1235,13.942025
HQ,1985_7,SD,GWRMP,15.6083,17.949545
HQ,1985_8,SD,GWRMP,12.7046,14.61029
HQ,1985_9,SD,GWRMP,17.0328,19.58772
HQ,1986_5,SD,GWRMP,4.3232,4.97168
HQ,1986_6,SD,GWRMP,22.8089,26.230235
HQ,1986_7,SD,GWRMP,8.6534,9.95141
HQ,1986_8,SD,GWRMP,9.6024,11.04276
HQ,1986_9,SD,GWRMP,21.2416,24.42784
HQ,1987_5,SD,GWRMP,5.011,5.76265
HQ,1987_6,SD,GWRMP,15.5767,17.913205
HQ,1987_7,SD,GWRMP,38.9619,44.806185
HQ,1987_8,SD,GWRMP,19.664,22.6136
HQ,1987_9,SD,GWRMP,13.7499,15.812385
HQ,1988_5,SD,GWRMP,4.4227,5.086105
HQ,1988_6,SD,GWRMP,9.8568,11.33532
HQ,1988_7,SD,GWRMP,12.0804,13.89246
HQ,1988_8,SD,GWRMP,24.6737,28.374755
HQ,1988_9,SD,GWRMP,19.4537,22.371755
HQ,1989_5,SD,GWRMP,8.9393,10.280195
HQ,1989_6,SD,GWRMP,5.9074,6.79351
HQ,1989_7,SD,GWRMP,18.7266,21.53559
HQ,1989_8,SD,GWRMP,22.9186,26.35639
HQ,1989_9,SD,GWRMP,18.2587,20.997505
HQ,1990_5,SD,GWRMP,10.3017,11.846955
HQ,1990_6,SD,GWRMP,21.8787,25.160505
HQ,1990_7,SD,GWRMP,11.4767,13.198205
HQ,1990_8,SD,GWRMP,16.9153,19.452595
HQ,1990_9,SD,GWRMP,21.1436,24.31514
HQ,1991_5,SD,GWRMP,11.5579,13.291585
HQ,1991_6,SD,GWRMP,16.1293,18.548695
HQ,1991_7,SD,GWRMP,31.6125,36.354375
HQ,1991_8,SD,GWRMP,8.3916,9.65034
HQ,1991_9,SD,GWRMP,24.0443,27.650945
HQ,1992_5,SD,GWRMP,7.6999,8.854885
HQ,1992_6,SD,GWRMP,15.5992,17.93908
HQ,1992_7,SD,GWRMP,11.6018,13.34207
HQ,1992_8,SD,GWRMP,12.5414,14.42261
HQ,1992_9,SD,GWRMP,27.6166,31.75909
HQ,1993_5,SD,GWRMP,11.7305,13.490075
HQ,1993_6,SD,GWRMP,9.3199,10.717885
HQ,1993_7,SD,GWRMP,30.2159,34.748285
HQ,1993_8,SD,GWRMP,25.5505,29.383075
HQ,1993_9,SD,GWRMP,5.1607,5.934805
HQ,1994_5,SD,GWRMP,9.9528,11.44572
HQ,1994_6,SD,GWRMP,21.2972,24.49178
HQ,1994_7,SD,GWRMP,8.0887,9.302005
HQ,1994_8,SD,GWRMP,9.7057,11.161555
HQ,1994_9,SD,GWRMP,5.6791,6.530965
HQ,1995_5,SD,GWRMP,5.4246,6.23829
HQ,1995_6,SD,GWRMP,18.0808,20.79292
HQ,1995_7,SD,GWRMP,7.7227,8.881105
HQ,1995_8,SD,GWRMP,11.1122,12.77903
HQ,1995_9,SD,GWRMP,2.0392,2.34508
HQ,1996_5,SD,GWRMP,4.7403,5.451345
HQ,1996_6,SD,GWRMP,37.6108,43.25242
HQ,1996_7,SD,GWRMP,16.9182,19.45593
HQ,1996_8,SD,GWRMP,11.2022,12.88253
HQ,1996_9,SD,GWRMP,4.8878,5.62097
HQ,1997_5,SD,GWRMP,14.8978,17.13247
HQ,1997_6,SD,GWRMP,11.3494,13.05181
HQ,1997_7,SD,GWRMP,28.7693,33.084695
HQ,1997_8,SD,GWRMP,19.8028,22.77322
HQ,1997_9,SD,GWRMP,6.7815,7.798725
HQ,1998_5,SD,GWRMP,11.7367,13.497205
HQ,1998_6,SD,GWRMP,9.691,11.14465
HQ,1998_7,SD,GWRMP,9.4429,10.859335
HQ,1998_8,SD,GWRMP,20.0043,23.004945
HQ,1998_9,SD,GWRMP,15.6445,17.991175
HQ,1999_5,SD,GWRMP,5.5372,6.36778
HQ,1999_6,SD,GWRMP,57.7422,66.40353
HQ,1999_7,SD,GWRMP,11.0324,12.68726
HQ,1999_8,SD,GWRMP,15.4631,17.782565
HQ,1999_9,SD,GWRMP,16.7848,19.30252
HQ,2000_5,SD,GWRMP,10.49,12.0635
HQ,2000_6,SD,GWRMP,12.2639,14.103485
HQ,2000_7,SD,GWRMP,10.1177,11.635355
HQ,2000_8,SD,GWRMP,6.0411,6.947265
HQ,2000_9,SD,GWRMP,7.7033,8.858795
HQ,2001_5,SD,GWRMP,8.5449,9.826635
HQ,2001_6,SD,GWRMP,16.2741,18.715215
HQ,2001_7,SD,GWRMP,14.9361,17.176515
HQ,2001_8,SD,GWRMP,13.3154,15.31271
HQ,2001_9,SD,GWRMP,5.9445,6.836175
HQ,2002_5,SD,GWRMP,10.469,12.03935
HQ,2002_6,SD,GWRMP,25.6955,29.549825
HQ,2002_7,SD,GWRMP,14.4179,16.580585
HQ,2002_8,SD,GWRMP,20.7456,23.85744
HQ,2002_9,SD,GWRMP,4.5088,5.18512
HQ,2003_5,SD,GWRMP,6.8882,7.92143
HQ,2003_6,SD,GWRMP,16.8715,19.402225
HQ,2003_7,SD,GWRMP,38.3869,44.144935
HQ,2003_8,SD,GWRMP,13.9226,16.01099
HQ,2003_9,SD,GWRMP,9.5437,10.975255
HQ,2004_5,SD,GWRMP,10.1781,11.704815
HQ,2004_6,SD,GWRMP,13.5813,15.618495
HQ,2004_7,SD,GWRMP,10.3056,11.85144
HQ,2004_8,SD,GWRMP,4.0998,4.71477
HQ,2004_9,SD,GWRMP,11.8541,13.632215
HQ,2005_5,SD,GWRMP,14.8069,17.027935
HQ,2005_6,SD,GWRMP,11.4906,13.21419
HQ,2005_7,SD,GWRMP,33.5142,38.54133
HQ,2005_8,SD,GWRMP,11.3309,13.030535
HQ,2005_9,SD,GWRMP,7.7322,8.89203
HQ,2006_5,SD,GWRMP,11.961,13.75515
HQ,2006_6,SD,GWRMP,9.796,11.2654
HQ,2006_7,SD,GWRMP,30.3833,34.940795
HQ,2006_8,SD,GWRMP,7.6279,8.772085
HQ,2006_9,SD,GWRMP,8.0487,9.256005
HQ,2007_5,SD,GWRMP,10.4321,11.996915
HQ,2007_6,SD,GWRMP,9.8544,11.33256
HQ,2007_7,SD,GWRMP,36.1515,41.574225
HQ,2007_8,SD,GWRMP,11.8549,13.633135
HQ,2007_9,SD,GWRMP,18.0208,20.72392
HQ,2008_5,SD,GWRMP,10.4221,11.985415
HQ,2008_6,SD,GWRMP,28.39,32.6485
HQ,2008_7,SD,GWRMP,13.5066,15.53259
HQ,2008_8,SD,GWRMP,13.8206,15.89369
HQ,2008_9,SD,GWRMP,12.0466,13.85359
HQ,2009_5,SD,GWRMP,3.7934,4.36241
HQ,2009_6,SD,GWRMP,27.1071,31.173165
HQ,2009_7,SD,GWRMP,34.709,39.91535
HQ,2009_8,SD,GWRMP,19.7525,22.715375
HQ,2009_9,SD,GWRMP,6.2419,7.178185
HQ,2010_5,SD,GWRMP,10.9952,12.64448
HQ,2010_6,SD,GWRMP,11.5146,13.24179
HQ,2010_7,SD,GWRMP,33.4388,38.45462
HQ,2010_8,SD,GWRMP,12.6535,14.551525
HQ,2010_9,SD,GWRMP,13.5519,15.584685
HQ,2011_5,SD,GWRMP,5.9967,6.896205
HQ,2011_6,SD,GWRMP,32.5029,37.378335
HQ,2011_7,SD,GWRMP,20.2211,23.254265
HQ,2011_8,SD,GWRMP,33.7032,38.75868
HQ,2011_9,SD,GWRMP,4.7319,5.441685
HQ,2012_5,SD,GWRMP,21.9013,25.186495
HQ,2012_6,SD,GWRMP,27.9984,32.19816
HQ,2012_7,SD,GWRMP,13.7388,15.79962
HQ,2012_8,SD,GWRMP,49.8957,57.380055
HQ,2012_9,SD,GWRMP,20.5919,23.680685
HQ,2013_5,SD,GWRMP,11.7276,13.48674
HQ,2013_6,SD,GWRMP,12.6587,14.557505
HQ,2013_7,SD,GWRMP,24.376,28.0324
HQ,2013_8,SD,GWRMP,11.4917,13.215455
HQ,2013_9,SD,GWRMP,5.0718,5.83257
HQ,2014_5,SD,GWRMP,9.9089,11.395235
HQ,2014_6,SD,GWRMP,19.279,22.17085
HQ,2014_7,SD,GWRMP,30.1702,34.69573
HQ,2014_8,SD,GWRMP,12.4101,14.271615
HQ,2014_9,SD,GWRMP,10.8457,12.472555
HQ,2015_5,SD,GWRMP,17.8998,20.58477
HQ,2015_6,SD,GWRMP,60.0196,69.02254
HQ,2015_7,SD,GWRMP,15.4182,17.73093
HQ,2015_8,SD,GWRMP,14.6104,16.80196
HQ,2015_9,SD,GWRMP,11.7334,13.49341
HQ,2016_5,SD,GWRMP,15.9907,18.389305
HQ,2016_6,SD,GWRMP,23.9882,27.58643
HQ,2016_7,SD,GWRMP,52.879,60.81085
HQ,2016_8,SD,GWRMP,11.7614,13.52561
HQ,2016_9,SD,GWRMP,39.3133,45.210295
HX,1979_5,SD,GWRMP,10.4529,10.4529
HX,1979_6,SD,GWRMP,26.4576,26.4576
HX,1979_7,SD,GWRMP,37.3047,37.3047
HX,1979_8,SD,GWRMP,19.0886,19.0886
HX,1979_9,SD,GWRMP,14.9329,14.9329
HX,1980_5,SD,GWRMP,29.4769,29.4769
HX,1980_6,SD,GWRMP,16.726,16.726
HX,1980_7,SD,GWRMP,58.3905,58.3905
HX,1980_8,SD,GWRMP,93.3379,93.3379
HX,1980_9,SD,GWRMP,24.1307,24.1307
HX,1981_5,SD,GWRMP,21.8607,21.8607
HX,1981_6,SD,GWRMP,13.0403,13.0403
HX,1981_7,SD,GWRMP,19.7736,19.7736
HX,1981_8,SD,GWRMP,31.0222,31.0222
HX,1981_9,SD,GWRMP,17.2026,17.2026
HX,1982_5,SD,GWRMP,7.722,7.722
HX,1982_6,SD,GWRMP,24.8363,24.8363
HX,1982_7,SD,GWRMP,63.3814,63.3814
HX,1982_8,SD,GWRMP,16.7974,16.7974
HX,1982_9,SD,GWRMP,3.9519,3.9519
HX,1983_5,SD,GWRMP,27.1766,27.1766
HX,1983_6,SD,GWRMP,48.3879,48.3879
HX,1983_7,SD,GWRMP,13.2593,13.2593
HX,1983_8,SD,GWRMP,13.3741,13.3741
HX,1983_9,SD,GWRMP,54.0871,54.0871
HX,1984_5,SD,GWRMP,16.9913,16.9913
HX,1984_6,SD,GWRMP,57.7057,57.7057
HX,1984_7,SD,GWRMP,20.4067,20.4067
HX,1984_8,SD,GWRMP,9.9808,9.9808
HX,1984_9,SD,GWRMP,14.7395,14.7395
HX,1985_5,SD,GWRMP,10.5377,10.5377
HX,1985_6,SD,GWRMP,22.464,22.464
HX,1985_7,SD,GWRMP,27.6424,27.6424
HX,1985_8,SD,GWRMP,26.1174,26.1174
HX,1985_9,SD,GWRMP,21.0881,21.0881
HX,1986_5,SD,GWRMP,7.4433,7.4433
HX,1986_6,SD,GWRMP,31.5742,31.5742
HX,1986_7,SD,GWRMP,46.9784,46.9784
HX,1986_8,SD,GWRMP,13.9835,13.9835
HX,1986_9,SD,GWRMP,32.0244,32.0244
HX,1987_5,SD,GWRMP,18.3963,18.3963
HX,1987_6,SD,GWRMP,14.9715,14.9715
HX,1987_7,SD,GWRMP,29.189,29.189
HX,1987_8,SD,GWRMP,18.1508,18.1508
HX,1987_9,SD,GWRMP,27.7398,27.7398
HX,1988_5,SD,GWRMP,11.948,11.948
HX,1988_6,SD,GWRMP,27.9506,27.9506
HX,1988_7,SD,GWRMP,47.2713,47.2713
HX,1988_8,SD,GWRMP,16.2601,16.2601
HX,1988_9,SD,GWRMP,10.2195,10.2195
HX,1989_5,SD,GWRMP,18.7609,18.7609
HX,1989_6,SD,GWRMP,11.0344,11.0344
HX,1989_7,SD,GWRMP,41.1091,41.1091
HX,1989_8,SD,GWRMP,32.0812,32.0812
HX,1989_9,SD,GWRMP,40.1453,40.1453
HX,1990_5,SD,GWRMP,11.374,11.374
HX,1990_6,SD,GWRMP,14.0787,14.0787
HX,1990_7,SD,GWRMP,10.3874,10.3874
HX,1990_8,SD,GWRMP,37.1716,37.1716
HX,1990_9,SD,GWRMP,19.8538,19.8538
HX,1991_5,SD,GWRMP,11.3782,11.3782
HX,1991_6,SD,GWRMP,55.4427,55.4427
HX,1991_7,SD,GWRMP,54.8382,54.8382
HX,1991_8,SD,GWRMP,47.2751,47.2751
HX,1991_9,SD,GWRMP,17.9442,17.9442
HX,1992_5,SD,GWRMP,6.8062,6.8062
HX,1992_6,SD,GWRMP,12.7399,12.7399
HX,1992_7,SD,GWRMP,18.5233,18.5233
HX,1992_8,SD,GWRMP,31.4878,31.4878
HX,1992_9,SD,GWRMP,45.2833,45.2833
HX,1993_5,SD,GWRMP,12.3529,12.3529
HX,1993_6,SD,GWRMP,16.7122,16.7122
HX,1993_7,SD,GWRMP,38.7537,38.7537
HX,1993_8,SD,GWRMP,52.2447,52.2447
HX,1993_9,SD,GWRMP,17.1239,17.1239
HX,1994_5,SD,GWRMP,10.7869,10.7869
HX,1994_6,SD,GWRMP,14.7982,14.7982
HX,1994_7,SD,GWRMP,15.2081,15.2081
HX,1994_8,SD,GWRMP,17.6166,17.6166
HX,1994_9,SD,GWRMP,7.4488,7.4488
HX,1995_5,SD,GWRMP,19.2501,19.2501
HX,1995_6,SD,GWRMP,15.4034,15.4034
HX,1995_7,SD,GWRMP,15.6945,15.6945
HX,1995_8,SD,GWRMP,44.6294,44.6294
HX,1995_9,SD,GWRMP,4.053,4.053
HX,1996_5,SD,GWRMP,10.85,10.85
HX,1996_6,SD,GWRMP,33.489,33.489
HX,1996_7,SD,GWRMP,24.2167,24.2167
HX,1996_8,SD,GWRMP,12.9292,12.9292
HX,1996_9,SD,GWRMP,7.6409,7.6409
HX,1997_5,SD,GWRMP,18.6952,18.6952
HX,1997_6,SD,GWRMP,30.8086,30.8086
HX,1997_7,SD,GWRMP,14.131,14.131
HX,1997_8,SD,GWRMP,20.8704,20.8704
HX,1997_9,SD,GWRMP,3.6649,3.6649
HX,1998_5,SD,GWRMP,7.9358,7.9358
HX,1998_6,SD,GWRMP,18.6206,18.6206
HX,1998_7,SD,GWRMP,45.7841,45.7841
HX,1998_8,SD,GWRMP,10.2189,10.2189
HX,1998_9,SD,GWRMP,36.8281,36.8281
HX,1999_5,SD,GWRMP,9.6287,9.6287
HX,1999_6,SD,GWRMP,124.8404,124.8404
HX,1999_7,SD,GWRMP,13.5747,13.5747
HX,1999_8,SD,GWRMP,23.8354,23.8354
HX,1999_9,SD,GWRMP,9.7304,9.7304
HX,2000_5,SD,GWRMP,28.5913,28.5913
HX,2000_6,SD,GWRMP,24.8066,24.8066
HX,2000_7,SD,GWRMP,22.1328,22.1328
HX,2000_8,SD,GWRMP,24.0281,24.0281
HX,2000_9,SD,GWRMP,9.7047,9.7047
HX,2001_5,SD,GWRMP,12.9609,12.9609
HX,2001_6,SD,GWRMP,51.7114,51.7114
HX,2001_7,SD,GWRMP,30.1716,30.1716
HX,2001_8,SD,GWRMP,20.6419,20.6419
HX,2001_9,SD,GWRMP,6.187,6.187
HX,2002_5,SD,GWRMP,10.908,10.908
HX,2002_6,SD,GWRMP,38.9808,38.9808
HX,2002_7,SD,GWRMP,8.8485,8.8485
HX,2002_8,SD,GWRMP,20.6123,20.6123
HX,2002_9,SD,GWRMP,14.7154,14.7154
HX,2003_5,SD,GWRMP,14.3502,14.3502
HX,2003_6,SD,GWRMP,23.9405,23.9405
HX,2003_7,SD,GWRMP,105.2228,105.2228
HX,2003_8,SD,GWRMP,17.5389,17.5389
HX,2003_9,SD,GWRMP,16.5655,16.5655
HX,2004_5,SD,GWRMP,16.6163,16.6163
HX,2004_6,SD,GWRMP,48.1384,48.1384
HX,2004_7,SD,GWRMP,34.309,34.309
HX,2004_8,SD,GWRMP,12.9282,12.9282
HX,2004_9,SD,GWRMP,14.0057,14.0057
HX,2005_5,SD,GWRMP,8.5448,8.5448
HX,2005_6,SD,GWRMP,10.8941,10.8941
HX,2005_7,SD,GWRMP,43.3236,43.3236
HX,2005_8,SD,GWRMP,15.1817,15.1817
HX,2005_9,SD,GWRMP,8.9178,8.9178
HX,2006_5,SD,GWRMP,15.8737,15.8737
HX,2006_6,SD,GWRMP,24.8675,24.8675
HX,2006_7,SD,GWRMP,23.3128,23.3128
HX,2006_8,SD,GWRMP,30.7356,30.7356
HX,2006_9,SD,GWRMP,14.0525,14.0525
HX,2007_5,SD,GWRMP,5.9417,5.9417
HX,2007_6,SD,GWRMP,10.6632,10.6632
HX,2007_7,SD,GWRMP,97.4093,97.4093
HX,2007_8,SD,GWRMP,9.416,9.416
HX,2007_9,SD,GWRMP,22.0495,22.0495
HX,2008_5,SD,GWRMP,10.5566,10.5566
HX,2008_6,SD,GWRMP,33.5701,33.5701
HX,2008_7,SD,GWRMP,40.2097,40.2097
HX,2008_8,SD,GWRMP,15.087,15.087
HX,2008_9,SD,GWRMP,18.9304,18.9304
HX,2009_5,SD,GWRMP,5.009,5.009
HX,2009_6,SD,GWRMP,18.296,18.296
HX,2009_7,SD,GWRMP,45.8564,45.8564
HX,2009_8,SD,GWRMP,31.8398,31.8398
HX,2009_9,SD,GWRMP,26.1622,26.1622
HX,2010_5,SD,GWRMP,22.0958,22.0958
HX,2010_6,SD,GWRMP,13.2928,13.2928
HX,2010_7,SD,GWRMP,30.5038,30.5038
HX,2010_8,SD,GWRMP,18.1706,18.1706
HX,2010_9,SD,GWRMP,14.6478,14.6478
HX,2011_5,SD,GWRMP,4.4634,4.4634
HX,2011_6,SD,GWRMP,51.4712,51.4712
HX,2011_7,SD,GWRMP,28.1796,28.1796
HX,2011_8,SD,GWRMP,45.6966,45.6966
HX,2011_9,SD,GWRMP,7.8767,7.8767
HX,2012_5,SD,GWRMP,38.6784,38.6784
HX,2012_6,SD,GWRMP,22.5132,22.5132
HX,2012_7,SD,GWRMP,34.4308,34.4308
HX,2012_8,SD,GWRMP,38.9623,38.9623
HX,2012_9,SD,GWRMP,11.9443,11.9443
HX,2013_5,SD,GWRMP,14.4571,14.4571
HX,2013_6,SD,GWRMP,20.6295,20.6295
HX,2013_7,SD,GWRMP,17.9743,17.9743
HX,2013_8,SD,GWRMP,9.9489,9.9489
HX,2013_9,SD,GWRMP,8.4,8.4
HX,2014_5,SD,GWRMP,17.4685,17.4685
HX,2014_6,SD,GWRMP,7.8536,7.8536
HX,2014_7,SD,GWRMP,30.6639,30.6639
HX,2014_8,SD,GWRMP,21.1305,21.1305
HX,2014_9,SD,GWRMP,12.4221,12.4221
HX,2015_5,SD,GWRMP,30.5544,30.5544
HX,2015_6,SD,GWRMP,104.7489,104.7489
HX,2015_7,SD,GWRMP,15.9532,15.9532
HX,2015_8,SD,GWRMP,34.248,34.248
HX,2015_9,SD,GWRMP,15.9857,15.9857
HX,2016_5,SD,GWRMP,16.7291,16.7291
HX,2016_6,SD,GWRMP,57.3691,57.3691
HX,2016_7,SD,GWRMP,46.04,46.04
HX,2016_8,SD,GWRMP,13.8186,13.8186
HX,2016_9,SD,GWRMP,48.9245,48.9245
PDPX,1979_5,SD,GWRMP,3.9423,3.9423
PDPX,1979_6,SD,GWRMP,8.0103,8.0103
PDPX,1979_7,SD,GWRMP,10.9699,10.9699
PDPX,1979_8,SD,GWRMP,17.0568,17.0568
PDPX,1979_9,SD,GWRMP,16.3388,16.3388
PDPX,1980_5,SD,GWRMP,14.4383,14.4383
PDPX,1980_6,SD,GWRMP,21.0093,21.0093
PDPX,1980_7,SD,GWRMP,11.959,11.959
PDPX,1980_8,SD,GWRMP,40.1708,40.1708
PDPX,1980_9,SD,GWRMP,26.8946,26.8946
PDPX,1981_5,SD,GWRMP,12.687,12.687
PDPX,1981_6,SD,GWRMP,23.7925,23.7925
PDPX,1981_7,SD,GWRMP,15.7052,15.7052
PDPX,1981_8,SD,GWRMP,9.2185,9.2185
PDPX,1981_9,SD,GWRMP,6.2088,6.2088
PDPX,1982_5,SD,GWRMP,7.9202,7.9202
PDPX,1982_6,SD,GWRMP,15.6376,15.6376
PDPX,1982_7,SD,GWRMP,31.959,31.959
PDPX,1982_8,SD,GWRMP,13.5544,13.5544
PDPX,1982_9,SD,GWRMP,8.3426,8.3426
PDPX,1983_5,SD,GWRMP,7.2003,7.2003
PDPX,1983_6,SD,GWRMP,23.2561,23.2561
PDPX,1983_7,SD,GWRMP,10.7252,10.7252
PDPX,1983_8,SD,GWRMP,7.0894,7.0894
PDPX,1983_9,SD,GWRMP,57.5933,57.5933
PDPX,1984_5,SD,GWRMP,6.2313,6.2313
PDPX,1984_6,SD,GWRMP,22.9991,22.9991
PDPX,1984_7,SD,GWRMP,31.5848,31.5848
PDPX,1984_8,SD,GWRMP,20.6964,20.6964
PDPX,1984_9,SD,GWRMP,15.4894,15.4894
PDPX,1985_5,SD,GWRMP,21.2693,21.2693
PDPX,1985_6,SD,GWRMP,11.8494,11.8494
PDPX,1985_7,SD,GWRMP,13.8566,13.8566
PDPX,1985_8,SD,GWRMP,9.0042,9.0042
PDPX,1985_9,SD,GWRMP,19.8619,19.8619
PDPX,1986_5,SD,GWRMP,6.3452,6.3452
PDPX,1986_6,SD,GWRMP,45.6444,45.6444
PDPX,1986_7,SD,GWRMP,24.0185,24.0185
PDPX,1986_8,SD,GWRMP,19.6035,19.6035
PDPX,1986_9,SD,GWRMP,27.1029,27.1029
PDPX,1987_5,SD,GWRMP,9.1418,9.1418
PDPX,1987_6,SD,GWRMP,12.8965,12.8965
PDPX,1987_7,SD,GWRMP,26.6375,26.6375
PDPX,1987_8,SD,GWRMP,32.2418,32.2418
PDPX,1987_9,SD,GWRMP,8.4198,8.4198
PDPX,1988_5,SD,GWRMP,7.2932,7.2932
PDPX,1988_6,SD,GWRMP,12.5272,12.5272
PDPX,1988_7,SD,GWRMP,28.8607,28.8607
PDPX,1988_8,SD,GWRMP,9.7705,9.7705
PDPX,1988_9,SD,GWRMP,24.8957,24.8957
PDPX,1989_5,SD,GWRMP,6.0913,6.0913
PDPX,1989_6,SD,GWRMP,7.5405,7.5405
PDPX,1989_7,SD,GWRMP,31.2596,31.2596
PDPX,1989_8,SD,GWRMP,11.421,11.421
PDPX,1989_9,SD,GWRMP,8.1926,8.1926
PDPX,1990_5,SD,GWRMP,6.9822,6.9822
PDPX,1990_6,SD,GWRMP,8.1419,8.1419
PDPX,1990_7,SD,GWRMP,5.2996,5.2996
PDPX,1990_8,SD,GWRMP,16.3028,16.3028
PDPX,1990_9,SD,GWRMP,13.6329,13.6329
PDPX,1991_5,SD,GWRMP,10.848,10.848
PDPX,1991_6,SD,GWRMP,10.941,10.941
PDPX,1991_7,SD,GWRMP,32.9742,32.9742
PDPX,1991_8,SD,GWRMP,35.877,35.877
PDPX,1991_9,SD,GWRMP,15.5588,15.5588
PDPX,1992_5,SD,GWRMP,5.4217,5.4217
PDPX,1992_6,SD,GWRMP,10.9269,10.9269
PDPX,1992_7,SD,GWRMP,4.2901,4.2901
PDPX,1992_8,SD,GWRMP,14.5828,14.5828
PDPX,1992_9,SD,GWRMP,11.6261,11.6261
PDPX,1993_5,SD,GWRMP,11.6439,11.6439
PDPX,1993_6,SD,GWRMP,8.7083,8.7083
PDPX,1993_7,SD,GWRMP,35.5965,35.5965
PDPX,1993_8,SD,GWRMP,62.7226,62.7226
PDPX,1993_9,SD,GWRMP,17.0927,17.0927
PDPX,1994_5,SD,GWRMP,3.5087,3.5087
PDPX,1994_6,SD,GWRMP,30.8065,30.8065
PDPX,1994_7,SD,GWRMP,10.7518,10.7518
PDPX,1994_8,SD,GWRMP,11.0197,11.0197
PDPX,1994_9,SD,GWRMP,6.8418,6.8418
PDPX,1995_5,SD,GWRMP,7.6954,7.6954
PDPX,1995_6,SD,GWRMP,9.673,9.673
PDPX,1995_7,SD,GWRMP,15.5154,15.5154
PDPX,1995_8,SD,GWRMP,11.1921,11.1921
PDPX,1995_9,SD,GWRMP,3.3261,3.3261
PDPX,1996_5,SD,GWRMP,1.7683,1.7683
PDPX,1996_6,SD,GWRMP,16.8172,16.8172
PDPX,1996_7,SD,GWRMP,20.5538,20.5538
PDPX,1996_8,SD,GWRMP,17.6815,17.6815
PDPX,1996_9,SD,GWRMP,3.6643,3.6643
PDPX,1997_5,SD,GWRMP,3.8133,3.8133
PDPX,1997_6,SD,GWRMP,14.3067,14.3067
PDPX,1997_7,SD,GWRMP,48.6397,48.6397
PDPX,1997_8,SD,GWRMP,22.364,22.364
PDPX,1997_9,SD,GWRMP,3.6943,3.6943
PDPX,1998_5,SD,GWRMP,10.3353,10.3353
PDPX,1998_6,SD,GWRMP,5.5703,5.5703
PDPX,1998_7,SD,GWRMP,10.0407,10.0407
PDPX,1998_8,SD,GWRMP,7.987,7.987
PDPX,1998_9,SD,GWRMP,9.8696,9.8696
PDPX,1999_5,SD,GWRMP,4.9099,4.9099
PDPX,1999_6,SD,GWRMP,31.9841,31.9841
PDPX,1999_7,SD,GWRMP,5.7195,5.7195
PDPX,1999_8,SD,GWRMP,14.7358,14.7358
PDPX,1999_9,SD,GWRMP,11.0047,11.0047
PDPX,2000_5,SD,GWRMP,11.4801,11.4801
PDPX,2000_6,SD,GWRMP,6.4222,6.4222
PDPX,2000_7,SD,GWRMP,10.7502,10.7502
PDPX,2000_8,SD,GWRMP,18.2907,18.2907
PDPX,2000_9,SD,GWRMP,10.6191,10.6191
PDPX,2001_5,SD,GWRMP,6.4071,6.4071
PDPX,2001_6,SD,GWRMP,32.4957,32.4957
PDPX,2001_7,SD,GWRMP,19.9714,19.9714
PDPX,2001_8,SD,GWRMP,23.0461,23.0461
PDPX,2001_9,SD,GWRMP,10.1724,10.1724
PDPX,2002_5,SD,GWRMP,5.2372,5.2372
PDPX,2002_6,SD,GWRMP,12.5404,12.5404
PDPX,2002_7,SD,GWRMP,7.8546,7.8546
PDPX,2002_8,SD,GWRMP,22.4921,22.4921
PDPX,2002_9,SD,GWRMP,8.0897,8.0897
PDPX,2003_5,SD,GWRMP,6.9621,6.9621
PDPX,2003_6,SD,GWRMP,11.0228,11.0228
PDPX,2003_7,SD,GWRMP,22.5497,22.5497
PDPX,2003_8,SD,GWRMP,15.4099,15.4099
PDPX,2003_9,SD,GWRMP,10.3718,10.3718
PDPX,2004_5,SD,GWRMP,6.6019,6.6019
PDPX,2004_6,SD,GWRMP,23.9768,23.9768
PDPX,2004_7,SD,GWRMP,19.1426,19.1426
PDPX,2004_8,SD,GWRMP,11.5284,11.5284
PDPX,2004_9,SD,GWRMP,14.6304,14.6304
PDPX,2005_5,SD,GWRMP,8.1702,8.1702
PDPX,2005_6,SD,GWRMP,3.7497,3.7497
PDPX,2005_7,SD,GWRMP,6.7665,6.7665
PDPX,2005_8,SD,GWRMP,27.0391,27.0391
PDPX,2005_9,SD,GWRMP,5.0025,5.0025
PDPX,2006_5,SD,GWRMP,10.708,10.708
PDPX,2006_6,SD,GWRMP,25.5162,25.5162
PDPX,2006_7,SD,GWRMP,30.0974,30.0974
PDPX,2006_8,SD,GWRMP,10.8099,10.8099
PDPX,2006_9,SD,GWRMP,7.8247,7.8247
PDPX,2007_5,SD,GWRMP,7.0745,7.0745
PDPX,2007_6,SD,GWRMP,15.3146,15.3146
PDPX,2007_7,SD,GWRMP,33.9053,33.9053
PDPX,2007_8,SD,GWRMP,18.9941,18.9941
PDPX,2007_9,SD,GWRMP,7.4231,7.4231
PDPX,2008_5,SD,GWRMP,22.47,22.47
PDPX,2008_6,SD,GWRMP,19.3996,19.3996
PDPX,2008_7,SD,GWRMP,9.7548,9.7548
PDPX,2008_8,SD,GWRMP,26.053,26.053
PDPX,2008_9,SD,GWRMP,8.9695,8.9695
PDPX,2009_5,SD,GWRMP,2.8065,2.8065
PDPX,2009_6,SD,GWRMP,15.7514,15.7514
PDPX,2009_7,SD,GWRMP,29.4302,29.4302
PDPX,2009_8,SD,GWRMP,28.3761,28.3761
PDPX,2009_9,SD,GWRMP,8.4908,8.4908
PDPX,2010_5,SD,GWRMP,6.615,6.615
PDPX,2010_6,SD,GWRMP,14.9905,14.9905
PDPX,2010_7,SD,GWRMP,27.76,27.76
PDPX,2010_8,SD,GWRMP,45.3712,45.3712
PDPX,2010_9,SD,GWRMP,17.5381,17.5381
PDPX,2011_5,SD,GWRMP,2.9502,2.9502
PDPX,2011_6,SD,GWRMP,19.7618,19.7618
PDPX,2011_7,SD,GWRMP,18.621,18.621
PDPX,2011_8,SD,GWRMP,24.7635,24.7635
PDPX,2011_9,SD,GWRMP,9.4372,9.4372
PDPX,2012_5,SD,GWRMP,8.349,8.349
PDPX,2012_6,SD,GWRMP,82.3043,82.3043
PDPX,2012_7,SD,GWRMP,12.5745,12.5745
PDPX,2012_8,SD,GWRMP,12.7713,12.7713
PDPX,2012_9,SD,GWRMP,13.4756,13.4756
PDPX,2013_5,SD,GWRMP,8.8568,8.8568
PDPX,2013_6,SD,GWRMP,22.5821,22.5821
PDPX,2013_7,SD,GWRMP,29.9035,29.9035
PDPX,2013_8,SD,GWRMP,10.5632,10.5632
PDPX,2013_9,SD,GWRMP,13.4736,13.4736
PDPX,2014_5,SD,GWRMP,12.8595,12.8595
PDPX,2014_6,SD,GWRMP,14.1173,14.1173
PDPX,2014_7,SD,GWRMP,17.5229,17.5229
PDPX,2014_8,SD,GWRMP,17.5407,17.5407
PDPX,2014_9,SD,GWRMP,16.9182,16.9182
PDPX,2015_5,SD,GWRMP,3.5252,3.5252
PDPX,2015_6,SD,GWRMP,77.6443,77.6443
PDPX,2015_7,SD,GWRMP,21.5399,21.5399
PDPX,2015_8,SD,GWRMP,27.7886,27.7886
PDPX,2015_9,SD,GWRMP,12.2969,12.2969
PDPX,2016_5,SD,GWRMP,10.3341,10.3341
PDPX,2016_6,SD,GWRMP,26.0338,26.0338
PDPX,2016_7,SD,GWRMP,29.6564,29.6564
PDPX,2016_8,SD,GWRMP,8.8254,8.8254
PDPX,2016_9,SD,GWRMP,34.6902,34.6902
WCXY,1979_5,SD,GWRMP,3.7983,3.7983
WCXY,1979_6,SD,GWRMP,22.1114,22.1114
WCXY,1979_7,SD,GWRMP,18.6104,18.6104
WCXY,1979_8,SD,GWRMP,7.4244,7.4244
WCXY,1979_9,SD,GWRMP,14.0132,14.0132
WCXY,1980_5,SD,GWRMP,37.6257,37.6257
WCXY,1980_6,SD,GWRMP,12.2731,12.2731
WCXY,1980_7,SD,GWRMP,20.9118,20.9118
WCXY,1980_8,SD,GWRMP,34.1058,34.1058
WCXY,1980_9,SD,GWRMP,6.4062,6.4062
WCXY,1981_5,SD,GWRMP,16.3308,16.3308
WCXY,1981_6,SD,GWRMP,14.8069,14.8069
WCXY,1981_7,SD,GWRMP,17.7222,17.7222
WCXY,1981_8,SD,GWRMP,14.0366,14.0366
WCXY,1981_9,SD,GWRMP,4.9282,4.9282
WCXY,1982_5,SD,GWRMP,5.8834,5.8834
WCXY,1982_6,SD,GWRMP,17.7688,17.7688
WCXY,1982_7,SD,GWRMP,13.8235,13.8235
WCXY,1982_8,SD,GWRMP,12.592,12.592
WCXY,1982_9,SD,GWRMP,5.9322,5.9322
WCXY,1983_5,SD,GWRMP,10.1506,10.1506
WCXY,1983_6,SD,GWRMP,11.4137,11.4137
WCXY,1983_7,SD,GWRMP,24.0273,24.0273
WCXY,1983_8,SD,GWRMP,6.8591,6.8591
WCXY,1983_9,SD,GWRMP,14.7576,14.7576
WCXY,1984_5,SD,GWRMP,9.4689,9.4689
WCXY,1984_6,SD,GWRMP,21.2648,21.2648
WCXY,1984_7,SD,GWRMP,21.46,21.46
WCXY,1984_8,SD,GWRMP,10.392,10.392
WCXY,1984_9,SD,GWRMP,19.7921,19.7921
WCXY,1985_5,SD,GWRMP,9.3066,9.3066
WCXY,1985_6,SD,GWRMP,10.3445,10.3445
WCXY,1985_7,SD,GWRMP,14.0784,14.0784
WCXY,1985_8,SD,GWRMP,10.0174,10.0174
WCXY,1985_9,SD,GWRMP,30.2328,30.2328
WCXY,1986_5,SD,GWRMP,6.6689,6.6689
WCXY,1986_6,SD,GWRMP,23.4013,23.4013
WCXY,1986_7,SD,GWRMP,36.4016,36.4016
WCXY,1986_8,SD,GWRMP,18.3376,18.3376
WCXY,1986_9,SD,GWRMP,7.8645,7.8645
WCXY,1987_5,SD,GWRMP,7.5776,7.5776
WCXY,1987_6,SD,GWRMP,10.0043,10.0043
WCXY,1987_7,SD,GWRMP,25.1645,25.1645
WCXY,1987_8,SD,GWRMP,28.6816,28.6816
WCXY,1987_9,SD,GWRMP,10.0687,10.0687
WCXY,1988_5,SD,GWRMP,9.0498,9.0498
WCXY,1988_6,SD,GWRMP,12.1362,12.1362
WCXY,1988_7,SD,GWRMP,13.6466,13.6466
WCXY,1988_8,SD,GWRMP,14.1995,14.1995
WCXY,1988_9,SD,GWRMP,8.687,8.687
WCXY,1989_5,SD,GWRMP,11.6928,11.6928
WCXY,1989_6,SD,GWRMP,16.7036,16.7036
WCXY,1989_7,SD,GWRMP,29.5849,29.5849
WCXY,1989_8,SD,GWRMP,7.9588,7.9588
WCXY,1989_9,SD,GWRMP,11.657,11.657
WCXY,1990_5,SD,GWRMP,1.4239,1.4239
WCXY,1990_6,SD,GWRMP,11.2388,11.2388
WCXY,1990_7,SD,GWRMP,12.9802,12.9802
WCXY,1990_8,SD,GWRMP,24.8072,24.8072
WCXY,1990_9,SD,GWRMP,19.4558,19.4558
WCXY,1991_5,SD,GWRMP,6.3477,6.3477
WCXY,1991_6,SD,GWRMP,40.7182,40.7182
WCXY,1991_7,SD,GWRMP,34.2341,34.2341
WCXY,1991_8,SD,GWRMP,12.7559,12.7559
WCXY,1991_9,SD,GWRMP,15.5887,15.5887
WCXY,1992_5,SD,GWRMP,6.5495,6.5495
WCXY,1992_6,SD,GWRMP,6.72,6.72
WCXY,1992_7,SD,GWRMP,20.3081,20.3081
WCXY,1992_8,SD,GWRMP,12.6279,12.6279
WCXY,1992_9,SD,GWRMP,7.8276,7.8276
WCXY,1993_5,SD,GWRMP,4.1796,4.1796
WCXY,1993_6,SD,GWRMP,5.9908,5.9908
WCXY,1993_7,SD,GWRMP,20.1847,20.1847
WCXY,1993_8,SD,GWRMP,38.4998,38.4998
WCXY,1993_9,SD,GWRMP,12.0589,12.0589
WCXY,1994_5,SD,GWRMP,6.3935,6.3935
WCXY,1994_6,SD,GWRMP,10.7335,10.7335
WCXY,1994_7,SD,GWRMP,15.9696,15.9696
WCXY,1994_8,SD,GWRMP,7.162,7.162
WCXY,1994_9,SD,GWRMP,3.7579,3.7579
WCXY,1995_5,SD,GWRMP,9.9048,9.9048
WCXY,1995_6,SD,GWRMP,18.5774,18.5774
WCXY,1995_7,SD,GWRMP,12.2282,12.2282
WCXY,1995_8,SD,GWRMP,18.2911,18.2911
WCXY,1995_9,SD,GWRMP,1.491,1.491
WCXY,1996_5,SD,GWRMP,6.8065,6.8065
WCXY,1996_6,SD,GWRMP,6.7321,6.7321
WCXY,1996_7,SD,GWRMP,25.0947,25.0947
WCXY,1996_8,SD,GWRMP,7.074,7.074
WCXY,1996_9,SD,GWRMP,8.8444,8.8444
WCXY,1997_5,SD,GWRMP,14.5319,14.5319
WCXY,1997_6,SD,GWRMP,17.4988,17.4988
WCXY,1997_7,SD,GWRMP,5.7778,5.7778
WCXY,1997_8,SD,GWRMP,26.8564,26.8564
WCXY,1997_9,SD,GWRMP,3.9096,3.9096
WCXY,1998_5,SD,GWRMP,11.0334,11.0334
WCXY,1998_6,SD,GWRMP,15.9895,15.9895
WCXY,1998_7,SD,GWRMP,20.2966,20.2966
WCXY,1998_8,SD,GWRMP,7.9166,7.9166
WCXY,1998_9,SD,GWRMP,18.1362,18.1362
WCXY,1999_5,SD,GWRMP,5.5723,5.5723
WCXY,1999_6,SD,GWRMP,39.018,39.018
WCXY,1999_7,SD,GWRMP,13.9421,13.9421
WCXY,1999_8,SD,GWRMP,22.0664,22.0664
WCXY,1999_9,SD,GWRMP,11.7081,11.7081
WCXY,2000_5,SD,GWRMP,5.0085,5.0085
WCXY,2000_6,SD,GWRMP,30.0097,30.0097
WCXY,2000_7,SD,GWRMP,14.9869,14.9869
WCXY,2000_8,SD,GWRMP,16.468,16.468
WCXY,2000_9,SD,GWRMP,6.2831,6.2831
WCXY,2001_5,SD,GWRMP,1.5945,1.5945
WCXY,2001_6,SD,GWRMP,43.5723,43.5723
WCXY,2001_7,SD,GWRMP,22.7084,22.7084
WCXY,2001_8,SD,GWRMP,20.4587,20.4587
WCXY,2001_9,SD,GWRMP,3.0433,3.0433
WCXY,2002_5,SD,GWRMP,9.6595,9.6595
WCXY,2002_6,SD,GWRMP,31.5182,31.5182
WCXY,2002_7,SD,GWRMP,9.8854,9.8854
WCXY,2002_8,SD,GWRMP,12.9584,12.9584
WCXY,2002_9,SD,GWRMP,5.9998,5.9998
WCXY,2003_5,SD,GWRMP,5.984,5.984
WCXY,2003_6,SD,GWRMP,16.2889,16.2889
WCXY,2003_7,SD,GWRMP,63.8723,63.8723
WCXY,2003_8,SD,GWRMP,9.1331,9.1331
WCXY,2003_9,SD,GWRMP,8.2692,8.2692
WCXY,2004_5,SD,GWRMP,6.7354,6.7354
WCXY,2004_6,SD,GWRMP,16.476,16.476
WCXY,2004_7,SD,GWRMP,27.447,27.447
WCXY,2004_8,SD,GWRMP,9.3514,9.3514
WCXY,2004_9,SD,GWRMP,3.5939,3.5939
WCXY,2005_5,SD,GWRMP,5.1867,5.1867
WCXY,2005_6,SD,GWRMP,13.0316,13.0316
WCXY,2005_7,SD,GWRMP,18.6946,18.6946
WCXY,2005_8,SD,GWRMP,11.2393,11.2393
WCXY,2005_9,SD,GWRMP,12.7999,12.7999
WCXY,2006_5,SD,GWRMP,3.7835,3.7835
WCXY,2006_6,SD,GWRMP,13.9258,13.9258
WCXY,2006_7,SD,GWRMP,28.5186,28.5186
WCXY,2006_8,SD,GWRMP,12.0506,12.0506
WCXY,2006_9,SD,GWRMP,3.5084,3.5084
WCXY,2007_5,SD,GWRMP,8.0306,8.0306
WCXY,2007_6,SD,GWRMP,6.7747,6.7747
WCXY,2007_7,SD,GWRMP,43.5546,43.5546
WCXY,2007_8,SD,GWRMP,13.315,13.315
WCXY,2007_9,SD,GWRMP,8.504,8.504
WCXY,2008_5,SD,GWRMP,5.8649,5.8649
WCXY,2008_6,SD,GWRMP,31.5165,31.5165
WCXY,2008_7,SD,GWRMP,22.0051,22.0051
WCXY,2008_8,SD,GWRMP,34.0327,34.0327
WCXY,2008_9,SD,GWRMP,15.5119,15.5119
WCXY,2009_5,SD,GWRMP,4.9528,4.9528
WCXY,2009_6,SD,GWRMP,11.589,11.589
WCXY,2009_7,SD,GWRMP,34.284,34.284
WCXY,2009_8,SD,GWRMP,14.1956,14.1956
WCXY,2009_9,SD,GWRMP,9.1144,9.1144
WCXY,2010_5,SD,GWRMP,5.1913,5.1913
WCXY,2010_6,SD,GWRMP,4.6847,4.6847
WCXY,2010_7,SD,GWRMP,32.1194,32.1194
WCXY,2010_8,SD,GWRMP,18.1298,18.1298
WCXY,2010_9,SD,GWRMP,23.629,23.629
WCXY,2011_5,SD,GWRMP,8.7511,8.7511
WCXY,2011_6,SD,GWRMP,19.8671,19.8671
WCXY,2011_7,SD,GWRMP,48.6412,48.6412
WCXY,2011_8,SD,GWRMP,61.9279,61.9279
WCXY,2011_9,SD,GWRMP,3.3145,3.3145
WCXY,2012_5,SD,GWRMP,10.7608,10.7608
WCXY,2012_6,SD,GWRMP,7.7299,7.7299
WCXY,2012_7,SD,GWRMP,25.231,25.231
WCXY,2012_8,SD,GWRMP,35.9097,35.9097
WCXY,2012_9,SD,GWRMP,7.8624,7.8624
WCXY,2013_5,SD,GWRMP,15.8701,15.8701
WCXY,2013_6,SD,GWRMP,12.657,12.657
WCXY,2013_7,SD,GWRMP,11.8663,11.8663
WCXY,2013_8,SD,GWRMP,15.3685,15.3685
WCXY,2013_9,SD,GWRMP,9.3448,9.3448
WCXY,2014_5,SD,GWRMP,5.4612,5.4612
WCXY,2014_6,SD,GWRMP,4.9427,4.9427
WCXY,2014_7,SD,GWRMP,21.7078,21.7078
WCXY,2014_8,SD,GWRMP,74.6442,74.6442
WCXY,2014_9,SD,GWRMP,8.4635,8.4635
WCXY,2015_5,SD,GWRMP,9.1705,9.1705
WCXY,2015_6,SD,GWRMP,66.5387,66.5387
WCXY,2015_7,SD,GWRMP,9.1693,9.1693
WCXY,2015_8,SD,GWRMP,18.854,18.854
WCXY,2015_9,SD,GWRMP,20.3171,20.3171
WCXY,2016_5,SD,GWRMP,7.5984,7.5984
WCXY,2016_6,SD,GWRMP,22.9922,22.9922
WCXY,2016_7,SD,GWRMP,27.4833,27.4833
WCXY,2016_8,SD,GWRMP,7.9687,7.9687
WCXY,2016_9,SD,GWRMP,22.2305,22.2305
YCDM,1979_5,SD,GWRMP,6.4837,6.4837
YCDM,1979_6,SD,GWRMP,30.859,30.859
YCDM,1979_7,SD,GWRMP,9.156,9.156
YCDM,1979_8,SD,GWRMP,14.4896,14.4896
YCDM,1979_9,SD,GWRMP,25.0648,25.0648
YCDM,1980_5,SD,GWRMP,7.8047,7.8047
YCDM,1980_6,SD,GWRMP,19.2352,19.2352
YCDM,1980_7,SD,GWRMP,17.5898,17.5898
YCDM,1980_8,SD,GWRMP,27.7886,27.7886
YCDM,1980_9,SD,GWRMP,10.8446,10.8446
YCDM,1981_5,SD,GWRMP,3.8616,3.8616
YCDM,1981_6,SD,GWRMP,13.8913,13.8913
YCDM,1981_7,SD,GWRMP,24.0283,24.0283
YCDM,1981_8,SD,GWRMP,15.2184,15.2184
YCDM,1981_9,SD,GWRMP,10.0139,10.0139
YCDM,1982_5,SD,GWRMP,8.3087,8.3087
YCDM,1982_6,SD,GWRMP,15.7221,15.7221
YCDM,1982_7,SD,GWRMP,15.4475,15.4475
YCDM,1982_8,SD,GWRMP,8.818,8.818
YCDM,1982_9,SD,GWRMP,8.8389,8.8389
YCDM,1983_5,SD,GWRMP,24.1722,24.1722
YCDM,1983_6,SD,GWRMP,15.2655,15.2655
YCDM,1983_7,SD,GWRMP,23.2008,23.2008
YCDM,1983_8,SD,GWRMP,10.9382,10.9382
YCDM,1983_9,SD,GWRMP,33.4265,33.4265
YCDM,1984_5,SD,GWRMP,10.541,10.541
YCDM,1984_6,SD,GWRMP,33.485,33.485
YCDM,1984_7,SD,GWRMP,22.2764,22.2764
YCDM,1984_8,SD,GWRMP,22.1882,22.1882
YCDM,1984_9,SD,GWRMP,21.5974,21.5974
YCDM,1985_5,SD,GWRMP,13.689,13.689
YCDM,1985_6,SD,GWRMP,21.1946,21.1946
YCDM,1985_7,SD,GWRMP,19.3597,19.3597
YCDM,1985_8,SD,GWRMP,27.4501,27.4501
YCDM,1985_9,SD,GWRMP,17.5044,17.5044
YCDM,1986_5,SD,GWRMP,5.1879,5.1879
YCDM,1986_6,SD,GWRMP,16.1471,16.1471
YCDM,1986_7,SD,GWRMP,31.3742,31.3742
YCDM,1986_8,SD,GWRMP,23.4881,23.4881
YCDM,1986_9,SD,GWRMP,28.2046,28.2046
YCDM,1987_5,SD,GWRMP,10.3294,10.3294
YCDM,1987_6,SD,GWRMP,7.1212,7.1212
YCDM,1987_7,SD,GWRMP,15.6577,15.6577
YCDM,1987_8,SD,GWRMP,29.5345,29.5345
YCDM,1987_9,SD,GWRMP,21.3816,21.3816
YCDM,1988_5,SD,GWRMP,11.705,11.705
YCDM,1988_6,SD,GWRMP,8.6646,8.6646
YCDM,1988_7,SD,GWRMP,35.1593,35.1593
YCDM,1988_8,SD,GWRMP,21.7861,21.7861
YCDM,1988_9,SD,GWRMP,12.8098,12.8098
YCDM,1989_5,SD,GWRMP,4.1977,4.1977
YCDM,1989_6,SD,GWRMP,12.1564,12.1564
YCDM,1989_7,SD,GWRMP,20.3326,20.3326
YCDM,1989_8,SD,GWRMP,12.7406,12.7406
YCDM,1989_9,SD,GWRMP,12.5578,12.5578
YCDM,1990_5,SD,GWRMP,4.337,4.337
YCDM,1990_6,SD,GWRMP,24.2722,24.2722
YCDM,1990_7,SD,GWRMP,8.0224,8.0224
YCDM,1990_8,SD,GWRMP,21.4504,21.4504
YCDM,1990_9,SD,GWRMP,18.428,18.428
YCDM,1991_5,SD,GWRMP,4.7111,4.7111
YCDM,1991_6,SD,GWRMP,29.1213,29.1213
YCDM,1991_7,SD,GWRMP,45.2604,45.2604
YCDM,1991_8,SD,GWRMP,30.7835,30.7835
YCDM,1991_9,SD,GWRMP,21.1951,21.1951
YCDM,1992_5,SD,GWRMP,5.5752,5.5752
YCDM,1992_6,SD,GWRMP,9.5526,9.5526
YCDM,1992_7,SD,GWRMP,5.0212,5.0212
YCDM,1992_8,SD,GWRMP,12.3953,12.3953
YCDM,1992_9,SD,GWRMP,9.8106,9.8106
YCDM,1993_5,SD,GWRMP,8.1521,8.1521
YCDM,1993_6,SD,GWRMP,9.504,9.504
YCDM,1993_7,SD,GWRMP,45.2477,45.2477
YCDM,1993_8,SD,GWRMP,45.088,45.088
YCDM,1993_9,SD,GWRMP,13.6546,13.6546
YCDM,1994_5,SD,GWRMP,11.1335,11.1335
YCDM,1994_6,SD,GWRMP,11.9257,11.9257
YCDM,1994_7,SD,GWRMP,13.233,13.233
YCDM,1994_8,SD,GWRMP,8.2785,8.2785
YCDM,1994_9,SD,GWRMP,5.1328,5.1328
YCDM,1995_5,SD,GWRMP,16.9184,16.9184
YCDM,1995_6,SD,GWRMP,15.6509,15.6509
YCDM,1995_7,SD,GWRMP,9.4473,9.4473
YCDM,1995_8,SD,GWRMP,17.1411,17.1411
YCDM,1995_9,SD,GWRMP,1.7901,1.7901
YCDM,1996_5,SD,GWRMP,5.6334,5.6334
YCDM,1996_6,SD,GWRMP,19.1422,19.1422
YCDM,1996_7,SD,GWRMP,21.2279,21.2279
YCDM,1996_8,SD,GWRMP,11.9776,11.9776
YCDM,1996_9,SD,GWRMP,10.0426,10.0426
YCDM,1997_5,SD,GWRMP,7.894,7.894
YCDM,1997_6,SD,GWRMP,23.5332,23.5332
YCDM,1997_7,SD,GWRMP,18.644,18.644
YCDM,1997_8,SD,GWRMP,27.0861,27.0861
YCDM,1997_9,SD,GWRMP,5.8162,5.8162
YCDM,1998_5,SD,GWRMP,6.0895,6.0895
YCDM,1998_6,SD,GWRMP,13.1086,13.1086
YCDM,1998_7,SD,GWRMP,11.5028,11.5028
YCDM,1998_8,SD,GWRMP,7.8778,7.8778
YCDM,1998_9,SD,GWRMP,16.4681,16.4681
YCDM,1999_5,SD,GWRMP,4.2847,4.2847
YCDM,1999_6,SD,GWRMP,83.3184,83.3184
YCDM,1999_7,SD,GWRMP,11.5581,11.5581
YCDM,1999_8,SD,GWRMP,31.9958,31.9958
YCDM,1999_9,SD,GWRMP,15.2414,15.2414
YCDM,2000_5,SD,GWRMP,5.4376,5.4376
YCDM,2000_6,SD,GWRMP,27.2908,27.2908
YCDM,2000_7,SD,GWRMP,18.5141,18.5141
YCDM,2000_8,SD,GWRMP,20.3016,20.3016
YCDM,2000_9,SD,GWRMP,9.3916,9.3916
YCDM,2001_5,SD,GWRMP,5.0305,5.0305
YCDM,2001_6,SD,GWRMP,38.8199,38.8199
YCDM,2001_7,SD,GWRMP,46.8223,46.8223
YCDM,2001_8,SD,GWRMP,29.2155,29.2155
YCDM,2001_9,SD,GWRMP,4.1285,4.1285
YCDM,2002_5,SD,GWRMP,11.5081,11.5081
YCDM,2002_6,SD,GWRMP,20.8401,20.8401
YCDM,2002_7,SD,GWRMP,12.5196,12.5196
YCDM,2002_8,SD,GWRMP,28.1941,28.1941
YCDM,2002_9,SD,GWRMP,6.5461,6.5461
YCDM,2003_5,SD,GWRMP,8.6579,8.6579
YCDM,2003_6,SD,GWRMP,13.506,13.506
YCDM,2003_7,SD,GWRMP,52.7902,52.7902
YCDM,2003_8,SD,GWRMP,8.2125,8.2125
YCDM,2003_9,SD,GWRMP,11.2936,11.2936
YCDM,2004_5,SD,GWRMP,6.437,6.437
YCDM,2004_6,SD,GWRMP,36.3179,36.3179
YCDM,2004_7,SD,GWRMP,36.2751,36.2751
YCDM,2004_8,SD,GWRMP,11.6705,11.6705
YCDM,2004_9,SD,GWRMP,22.7917,22.7917
YCDM,2005_5,SD,GWRMP,12.794,12.794
YCDM,2005_6,SD,GWRMP,7.4824,7.4824
YCDM,2005_7,SD,GWRMP,10.6255,10.6255
YCDM,2005_8,SD,GWRMP,22.1697,22.1697
YCDM,2005_9,SD,GWRMP,8.2644,8.2644
YCDM,2006_5,SD,GWRMP,6.98,6.98
YCDM,2006_6,SD,GWRMP,8.6774,8.6774
YCDM,2006_7,SD,GWRMP,41.8257,41.8257
YCDM,2006_8,SD,GWRMP,20.9908,20.9908
YCDM,2006_9,SD,GWRMP,5.5836,5.5836
YCDM,2007_5,SD,GWRMP,11.0626,11.0626
YCDM,2007_6,SD,GWRMP,14.0982,14.0982
YCDM,2007_7,SD,GWRMP,46.44,46.44
YCDM,2007_8,SD,GWRMP,26.7209,26.7209
YCDM,2007_9,SD,GWRMP,12.6039,12.6039
YCDM,2008_5,SD,GWRMP,10.4811,10.4811
YCDM,2008_6,SD,GWRMP,16.8134,16.8134
YCDM,2008_7,SD,GWRMP,12.2695,12.2695
YCDM,2008_8,SD,GWRMP,21.2055,21.2055
YCDM,2008_9,SD,GWRMP,12.29,12.29
YCDM,2009_5,SD,GWRMP,3.0022,3.0022
YCDM,2009_6,SD,GWRMP,26.9065,26.9065
YCDM,2009_7,SD,GWRMP,15.5676,15.5676
YCDM,2009_8,SD,GWRMP,42.2372,42.2372
YCDM,2009_9,SD,GWRMP,16.7264,16.7264
YCDM,2010_5,SD,GWRMP,10.2511,10.2511
YCDM,2010_6,SD,GWRMP,13.2455,13.2455
YCDM,2010_7,SD,GWRMP,18.6318,18.6318
YCDM,2010_8,SD,GWRMP,34.7692,34.7692
YCDM,2010_9,SD,GWRMP,20.2012,20.2012
YCDM,2011_5,SD,GWRMP,9.1846,9.1846
YCDM,2011_6,SD,GWRMP,17.9204,17.9204
YCDM,2011_7,SD,GWRMP,23.9153,23.9153
YCDM,2011_8,SD,GWRMP,29.851,29.851
YCDM,2011_9,SD,GWRMP,6.9055,6.9055
YCDM,2012_5,SD,GWRMP,15.1094,15.1094
YCDM,2012_6,SD,GWRMP,32.1331,32.1331
YCDM,2012_7,SD,GWRMP,17.2366,17.2366
YCDM,2012_8,SD,GWRMP,14.9942,14.9942
YCDM,2012_9,SD,GWRMP,6.5952,6.5952
YCDM,2013_5,SD,GWRMP,7.5104,7.5104
YCDM,2013_6,SD,GWRMP,5.9981,5.9981
YCDM,2013_7,SD,GWRMP,14.9953,14.9953
YCDM,2013_8,SD,GWRMP,9.2741,9.2741
YCDM,2013_9,SD,GWRMP,9.6541,9.6541
YCDM,2014_5,SD,GWRMP,4.4022,4.4022
YCDM,2014_6,SD,GWRMP,13.5843,13.5843
YCDM,2014_7,SD,GWRMP,14.3425,14.3425
YCDM,2014_8,SD,GWRMP,44.2753,44.2753
YCDM,2014_9,SD,GWRMP,13.6293,13.6293
YCDM,2015_5,SD,GWRMP,8.68,8.68
YCDM,2015_6,SD,GWRMP,74.8817,74.8817
YCDM,2015_7,SD,GWRMP,8.146,8.146
YCDM,2015_8,SD,GWRMP,21.8206,21.8206
YCDM,2015_9,SD,GWRMP,11.2102,11.2102
YCDM,2016_5,SD,GWRMP,12.5334,12.5334
YCDM,2016_6,SD,GWRMP,31.1579,31.1579
YCDM,2016_7,SD,GWRMP,27.0421,27.0421
YCDM,2016_8,SD,GWRMP,8.9705,8.9705
YCDM,2016_9,SD,GWRMP,16.8344,16.8344
ZX,1979_5,SD,GWRMP,7.8974,7.8974
ZX,1979_6,SD,GWRMP,28.6816,28.6816
ZX,1979_7,SD,GWRMP,15.8417,15.8417
ZX,1979_8,SD,GWRMP,39.5209,39.5209
ZX,1979_9,SD,GWRMP,15.4274,15.4274
ZX,1980_5,SD,GWRMP,8.9097,8.9097
ZX,1980_6,SD,GWRMP,25.0791,25.0791
ZX,1980_7,SD,GWRMP,24.4847,24.4847
ZX,1980_8,SD,GWRMP,28.735,28.735
ZX,1980_9,SD,GWRMP,21.1187,21.1187
ZX,1981_5,SD,GWRMP,21.3509,21.3509
ZX,1981_6,SD,GWRMP,34.5724,34.5724
ZX,1981_7,SD,GWRMP,47.4765,47.4765
ZX,1981_8,SD,GWRMP,38.5517,38.5517
ZX,1981_9,SD,GWRMP,28.1611,28.1611
ZX,1982_5,SD,GWRMP,13.7182,13.7182
ZX,1982_6,SD,GWRMP,17.7526,17.7526
ZX,1982_7,SD,GWRMP,21.512,21.512
ZX,1982_8,SD,GWRMP,26.591,26.591
ZX,1982_9,SD,GWRMP,17.7839,17.7839
ZX,1983_5,SD,GWRMP,27.845,27.845
ZX,1983_6,SD,GWRMP,39.6569,39.6569
ZX,1983_7,SD,GWRMP,26.2709,26.2709
ZX,1983_8,SD,GWRMP,18.5416,18.5416
ZX,1983_9,SD,GWRMP,44.588,44.588
ZX,1984_5,SD,GWRMP,5.0632,5.0632
ZX,1984_6,SD,GWRMP,37.3123,37.3123
ZX,1984_7,SD,GWRMP,38.3724,38.3724
ZX,1984_8,SD,GWRMP,30.3626,30.3626
ZX,1984_9,SD,GWRMP,29.2214,29.2214
ZX,1985_5,SD,GWRMP,14.6538,14.6538
ZX,1985_6,SD,GWRMP,38.6314,38.6314
ZX,1985_7,SD,GWRMP,42.9217,42.9217
ZX,1985_8,SD,GWRMP,15.6725,15.6725
ZX,1985_9,SD,GWRMP,14.9173,14.9173
ZX,1986_5,SD,GWRMP,11.6853,11.6853
ZX,1986_6,SD,GWRMP,30.0911,30.0911
ZX,1986_7,SD,GWRMP,23.7006,23.7006
ZX,1986_8,SD,GWRMP,36.4049,36.4049
ZX,1986_9,SD,GWRMP,21.3989,21.3989
ZX,1987_5,SD,GWRMP,10.3025,10.3025
ZX,1987_6,SD,GWRMP,10.9639,10.9639
ZX,1987_7,SD,GWRMP,42.0949,42.0949
ZX,1987_8,SD,GWRMP,18.5931,18.5931
ZX,1987_9,SD,GWRMP,26.3751,26.3751
ZX,1988_5,SD,GWRMP,10.3778,10.3778
ZX,1988_6,SD,GWRMP,31.1657,31.1657
ZX,1988_7,SD,GWRMP,15.5485,15.5485
ZX,1988_8,SD,GWRMP,64.4874,64.4874
ZX,1988_9,SD,GWRMP,16.5046,16.5046
ZX,1989_5,SD,GWRMP,24.9677,24.9677
ZX,1989_6,SD,GWRMP,14.483,14.483
ZX,1989_7,SD,GWRMP,21.9069,21.9069
ZX,1989_8,SD,GWRMP,48.5272,48.5272
ZX,1989_9,SD,GWRMP,32.3576,32.3576
ZX,1990_5,SD,GWRMP,21.6375,21.6375
ZX,1990_6,SD,GWRMP,21.6072,21.6072
ZX,1990_7,SD,GWRMP,14.2229,14.2229
ZX,1990_8,SD,GWRMP,40.1668,40.1668
ZX,1990_9,SD,GWRMP,27.2555,27.2555
ZX,1991_5,SD,GWRMP,31.673,31.673
ZX,1991_6,SD,GWRMP,33.955,33.955
ZX,1991_7,SD,GWRMP,35.5109,35.5109
ZX,1991_8,SD,GWRMP,11.7013,11.7013
ZX,1991_9,SD,GWRMP,31.4615,31.4615
ZX,1992_5,SD,GWRMP,15.0605,15.0605
ZX,1992_6,SD,GWRMP,26.2775,26.2775
ZX,1992_7,SD,GWRMP,37.3792,37.3792
ZX,1992_8,SD,GWRMP,32.4191,32.4191
ZX,1992_9,SD,GWRMP,16.2451,16.2451
ZX,1993_5,SD,GWRMP,23.2203,23.2203
ZX,1993_6,SD,GWRMP,19.8675,19.8675
ZX,1993_7,SD,GWRMP,27.1461,27.1461
ZX,1993_8,SD,GWRMP,21.6934,21.6934
ZX,1993_9,SD,GWRMP,15.4583,15.4583
ZX,1994_5,SD,GWRMP,9.9116,9.9116
ZX,1994_6,SD,GWRMP,80.0048,80.0048
ZX,1994_7,SD,GWRMP,13.9394,13.9394
ZX,1994_8,SD,GWRMP,39.0903,39.0903
ZX,1994_9,SD,GWRMP,13.9265,13.9265
ZX,1995_5,SD,GWRMP,16.6814,16.6814
ZX,1995_6,SD,GWRMP,38.8094,38.8094
ZX,1995_7,SD,GWRMP,18.269,18.269
ZX,1995_8,SD,GWRMP,20.8392,20.8392
ZX,1995_9,SD,GWRMP,9.0635,9.0635
ZX,1996_5,SD,GWRMP,3.9303,3.9303
ZX,1996_6,SD,GWRMP,88.5737,88.5737
ZX,1996_7,SD,GWRMP,17.6849,17.6849
ZX,1996_8,SD,GWRMP,44.0596,44.0596
ZX,1996_9,SD,GWRMP,7.0523,7.0523
ZX,1997_5,SD,GWRMP,18.9836,18.9836
ZX,1997_6,SD,GWRMP,23.0427,23.0427
ZX,1997_7,SD,GWRMP,61.6121,61.6121
ZX,1997_8,SD,GWRMP,53.5551,53.5551
ZX,1997_9,SD,GWRMP,18.5642,18.5642
ZX,1998_5,SD,GWRMP,23.0419,23.0419
ZX,1998_6,SD,GWRMP,15.6441,15.6441
ZX,1998_7,SD,GWRMP,22.4873,22.4873
ZX,1998_8,SD,GWRMP,13.4357,13.4357
ZX,1998_9,SD,GWRMP,14.1521,14.1521
ZX,1999_5,SD,GWRMP,18.88,18.88
ZX,1999_6,SD,GWRMP,34.6174,34.6174
ZX,1999_7,SD,GWRMP,23.9814,23.9814
ZX,1999_8,SD,GWRMP,39.3627,39.3627
ZX,1999_9,SD,GWRMP,9.4318,9.4318
ZX,2000_5,SD,GWRMP,20.2376,20.2376
ZX,2000_6,SD,GWRMP,27.7459,27.7459
ZX,2000_7,SD,GWRMP,20.9463,20.9463
ZX,2000_8,SD,GWRMP,34.7709,34.7709
ZX,2000_9,SD,GWRMP,7.6707,7.6707
ZX,2001_5,SD,GWRMP,15.3182,15.3182
ZX,2001_6,SD,GWRMP,63.2914,63.2914
ZX,2001_7,SD,GWRMP,45.8377,45.8377
ZX,2001_8,SD,GWRMP,41.7407,41.7407
ZX,2001_9,SD,GWRMP,8.3658,8.3658
ZX,2002_5,SD,GWRMP,9.2996,9.2996
ZX,2002_6,SD,GWRMP,19.9019,19.9019
ZX,2002_7,SD,GWRMP,30.9034,30.9034
ZX,2002_8,SD,GWRMP,40.936,40.936
ZX,2002_9,SD,GWRMP,29.2054,29.2054
ZX,2003_5,SD,GWRMP,21.8161,21.8161
ZX,2003_6,SD,GWRMP,16.6885,16.6885
ZX,2003_7,SD,GWRMP,33.7641,33.7641
ZX,2003_8,SD,GWRMP,25.3406,25.3406
ZX,2003_9,SD,GWRMP,22.3329,22.3329
ZX,2004_5,SD,GWRMP,20.1271,20.1271
ZX,2004_6,SD,GWRMP,20.7963,20.7963
ZX,2004_7,SD,GWRMP,16.2612,16.2612
ZX,2004_8,SD,GWRMP,25.8209,25.8209
ZX,2004_9,SD,GWRMP,19.4278,19.4278
ZX,2005_5,SD,GWRMP,9.6842,9.6842
ZX,2005_6,SD,GWRMP,19.3725,19.3725
ZX,2005_7,SD,GWRMP,18.5135,18.5135
ZX,2005_8,SD,GWRMP,35.4669,35.4669
ZX,2005_9,SD,GWRMP,17.7013,17.7013
ZX,2006_5,SD,GWRMP,26.3908,26.3908
ZX,2006_6,SD,GWRMP,18.0257,18.0257
ZX,2006_7,SD,GWRMP,35.8186,35.8186
ZX,2006_8,SD,GWRMP,19.4224,19.4224
ZX,2006_9,SD,GWRMP,6.6401,6.6401
ZX,2007_5,SD,GWRMP,10.3214,10.3214
ZX,2007_6,SD,GWRMP,19.787,19.787
ZX,2007_7,SD,GWRMP,18.9429,18.9429
ZX,2007_8,SD,GWRMP,14.0502,14.0502
ZX,2007_9,SD,GWRMP,11.0008,11.0008
ZX,2008_5,SD,GWRMP,6.7751,6.7751
ZX,2008_6,SD,GWRMP,71.1038,71.1038
ZX,2008_7,SD,GWRMP,43.2016,43.2016
ZX,2008_8,SD,GWRMP,12.6747,12.6747
ZX,2008_9,SD,GWRMP,15.469,15.469
ZX,2009_5,SD,GWRMP,10.6566,10.6566
ZX,2009_6,SD,GWRMP,27.661,27.661
ZX,2009_7,SD,GWRMP,33.2661,33.2661
ZX,2009_8,SD,GWRMP,78.6498,78.6498
ZX,2009_9,SD,GWRMP,16.4735,16.4735
ZX,2010_5,SD,GWRMP,7.9907,7.9907
ZX,2010_6,SD,GWRMP,21.487,21.487
ZX,2010_7,SD,GWRMP,43.3584,43.3584
ZX,2010_8,SD,GWRMP,19.325,19.325
ZX,2010_9,SD,GWRMP,25.7417,25.7417
ZX,2011_5,SD,GWRMP,16.0886,16.0886
ZX,2011_6,SD,GWRMP,51.5808,51.5808
ZX,2011_7,SD,GWRMP,25.9809,25.9809
ZX,2011_8,SD,GWRMP,30.6368,30.6368
ZX,2011_9,SD,GWRMP,29.9451,29.9451
ZX,2012_5,SD,GWRMP,18.2428,18.2428
ZX,2012_6,SD,GWRMP,68.7505,68.7505
ZX,2012_7,SD,GWRMP,13.6649,13.6649
ZX,2012_8,SD,GWRMP,56.4009,56.4009
ZX,2012_9,SD,GWRMP,19.6482,19.6482
ZX,2013_5,SD,GWRMP,8.6138,8.6138
ZX,2013_6,SD,GWRMP,68.2998,68.2998
ZX,2013_7,SD,GWRMP,30.7475,30.7475
ZX,2013_8,SD,GWRMP,39.8168,39.8168
ZX,2013_9,SD,GWRMP,21.5173,21.5173
ZX,2014_5,SD,GWRMP,14.6988,14.6988
ZX,2014_6,SD,GWRMP,24.182,24.182
ZX,2014_7,SD,GWRMP,13.6374,13.6374
ZX,2014_8,SD,GWRMP,20.5514,20.5514
ZX,2014_9,SD,GWRMP,21.6853,21.6853
ZX,2015_5,SD,GWRMP,20.3373,20.3373
ZX,2015_6,SD,GWRMP,27.7023,27.7023
ZX,2015_7,SD,GWRMP,37.939,37.939
ZX,2015_8,SD,GWRMP,31.0986,31.0986
ZX,2015_9,SD,GWRMP,11.987,11.987
ZX,2016_5,SD,GWRMP,25.9747,25.9747
ZX,2016_6,SD,GWRMP,45.2166,45.2166
ZX,2016_7,SD,GWRMP,45.2394,45.2394
ZX,2016_8,SD,GWRMP,27.5991,27.5991
ZX,2016_9,SD,GWRMP,23.4965,23.4965
HJH,1979_5,SD,IDW,4.6816,4.6816
HJH,1979_6,SD,IDW,14.4562,14.4562
HJH,1979_7,SD,IDW,17.9052,17.9052
HJH,1979_8,SD,IDW,18.9779,18.9779
HJH,1979_9,SD,IDW,19.0641,19.0641
HJH,1980_5,SD,IDW,9.5976,9.5976
HJH,1980_6,SD,IDW,24.3599,24.3599
HJH,1980_7,SD,IDW,30.9965,30.9965
HJH,1980_8,SD,IDW,21.5842,21.5842
HJH,1980_9,SD,IDW,9.4322,9.4322
HJH,1981_5,SD,IDW,10.463,10.463
HJH,1981_6,SD,IDW,23.8264,23.8264
HJH,1981_7,SD,IDW,22.2454,22.2454
HJH,1981_8,SD,IDW,37.6456,37.6456
HJH,1981_9,SD,IDW,11.3533,11.3533
HJH,1982_5,SD,IDW,8.6469,8.6469
HJH,1982_6,SD,IDW,16.0319,16.0319
HJH,1982_7,SD,IDW,23.1021,23.1021
HJH,1982_8,SD,IDW,17.6915,17.6915
HJH,1982_9,SD,IDW,18.7382,18.7382
HJH,1983_5,SD,IDW,16.2063,16.2063
HJH,1983_6,SD,IDW,53.9869,53.9869
HJH,1983_7,SD,IDW,44.98,44.98
HJH,1983_8,SD,IDW,9.9322,9.9322
HJH,1983_9,SD,IDW,63.6106,63.6106
HJH,1984_5,SD,IDW,7.8502,7.8502
HJH,1984_6,SD,IDW,86.2576,86.2576
HJH,1984_7,SD,IDW,28.9629,28.9629
HJH,1984_8,SD,IDW,12.4039,12.4039
HJH,1984_9,SD,IDW,15.527,15.527
HJH,1985_5,SD,IDW,16.2041,16.2041
HJH,1985_6,SD,IDW,17.3873,17.3873
HJH,1985_7,SD,IDW,25.1245,25.1245
HJH,1985_8,SD,IDW,21.7314,21.7314
HJH,1985_9,SD,IDW,18.3122,18.3122
HJH,1986_5,SD,IDW,6.8746,6.8746
HJH,1986_6,SD,IDW,20.7939,20.7939
HJH,1986_7,SD,IDW,15.2607,15.2607
HJH,1986_8,SD,IDW,18.4724,18.4724
HJH,1986_9,SD,IDW,27.5331,27.5331
HJH,1987_5,SD,IDW,8.0764,8.0764
HJH,1987_6,SD,IDW,12.7113,12.7113
HJH,1987_7,SD,IDW,31.0698,31.0698
HJH,1987_8,SD,IDW,10.4185,10.4185
HJH,1987_9,SD,IDW,25.0036,25.0036
HJH,1988_5,SD,IDW,5.6592,5.6592
HJH,1988_6,SD,IDW,18.1877,18.1877
HJH,1988_7,SD,IDW,16.7191,16.7191
HJH,1988_8,SD,IDW,32.0545,32.0545
HJH,1988_9,SD,IDW,23.2957,23.2957
HJH,1989_5,SD,IDW,18.1297,18.1297
HJH,1989_6,SD,IDW,12.0447,12.0447
HJH,1989_7,SD,IDW,34.0852,34.0852
HJH,1989_8,SD,IDW,19.9018,19.9018
HJH,1989_9,SD,IDW,22.785,22.785
HJH,1990_5,SD,IDW,10.5413,10.5413
HJH,1990_6,SD,IDW,13.1104,13.1104
HJH,1990_7,SD,IDW,11.4778,11.4778
HJH,1990_8,SD,IDW,19.6039,19.6039
HJH,1990_9,SD,IDW,20.0373,20.0373
HJH,1991_5,SD,IDW,30.1186,30.1186
HJH,1991_6,SD,IDW,29.3665,29.3665
HJH,1991_7,SD,IDW,20.1377,20.1377
HJH,1991_8,SD,IDW,18.5861,18.5861
HJH,1991_9,SD,IDW,32.0289,32.0289
HJH,1992_5,SD,IDW,16.2175,16.2175
HJH,1992_6,SD,IDW,18.9528,18.9528
HJH,1992_7,SD,IDW,16.3067,16.3067
HJH,1992_8,SD,IDW,23.2083,23.2083
HJH,1992_9,SD,IDW,20.8973,20.8973
HJH,1993_5,SD,IDW,24.2763,24.2763
HJH,1993_6,SD,IDW,12.9454,12.9454
HJH,1993_7,SD,IDW,22.4243,22.4243
HJH,1993_8,SD,IDW,53.0298,53.0298
HJH,1993_9,SD,IDW,21.4472,21.4472
HJH,1994_5,SD,IDW,3.6876,3.6876
HJH,1994_6,SD,IDW,40.3489,40.3489
HJH,1994_7,SD,IDW,13.0151,13.0151
HJH,1994_8,SD,IDW,15.4252,15.4252
HJH,1994_9,SD,IDW,3.84,3.84
HJH,1995_5,SD,IDW,6.0309,6.0309
HJH,1995_6,SD,IDW,49.1801,49.1801
HJH,1995_7,SD,IDW,18.4697,18.4697
HJH,1995_8,SD,IDW,14.3687,14.3687
HJH,1995_9,SD,IDW,4.3616,4.3616
HJH,1996_5,SD,IDW,4.464,4.464
HJH,1996_6,SD,IDW,75.3508,75.3508
HJH,1996_7,SD,IDW,32.599,32.599
HJH,1996_8,SD,IDW,12.4248,12.4248
HJH,1996_9,SD,IDW,7.4319,7.4319
HJH,1997_5,SD,IDW,9.2052,9.2052
HJH,1997_6,SD,IDW,9.5731,9.5731
HJH,1997_7,SD,IDW,25.4501,25.4501
HJH,1997_8,SD,IDW,47.4494,47.4494
HJH,1997_9,SD,IDW,4.9252,4.9252
HJH,1998_5,SD,IDW,10.9405,10.9405
HJH,1998_6,SD,IDW,6.6467,6.6467
HJH,1998_7,SD,IDW,12.0891,12.0891
HJH,1998_8,SD,IDW,28.5545,28.5545
HJH,1998_9,SD,IDW,16.2913,16.2913
HJH,1999_5,SD,IDW,9.5212,9.5212
HJH,1999_6,SD,IDW,36.9744,36.9744
HJH,1999_7,SD,IDW,20.0857,20.0857
HJH,1999_8,SD,IDW,22.5502,22.5502
HJH,1999_9,SD,IDW,19.0433,19.0433
HJH,2000_5,SD,IDW,7.6662,7.6662
HJH,2000_6,SD,IDW,15.9484,15.9484
HJH,2000_7,SD,IDW,7.928,7.928
HJH,2000_8,SD,IDW,18.5322,18.5322
HJH,2000_9,SD,IDW,10.9329,10.9329
HJH,2001_5,SD,IDW,15.5631,15.5631
HJH,2001_6,SD,IDW,28.9629,28.9629
HJH,2001_7,SD,IDW,30.0536,30.0536
HJH,2001_8,SD,IDW,25.7025,25.7025
HJH,2001_9,SD,IDW,5.1375,5.1375
HJH,2002_5,SD,IDW,13.8716,13.8716
HJH,2002_6,SD,IDW,17.8541,17.8541
HJH,2002_7,SD,IDW,9.1367,9.1367
HJH,2002_8,SD,IDW,19.9455,19.9455
HJH,2002_9,SD,IDW,8.5299,8.5299
HJH,2003_5,SD,IDW,7.8233,7.8233
HJH,2003_6,SD,IDW,13.6648,13.6648
HJH,2003_7,SD,IDW,11.5569,11.5569
HJH,2003_8,SD,IDW,15.5917,15.5917
HJH,2003_9,SD,IDW,16.9865,16.9865
HJH,2004_5,SD,IDW,14.6213,14.6213
HJH,2004_6,SD,IDW,24.9577,24.9577
HJH,2004_7,SD,IDW,22.5032,22.5032
HJH,2004_8,SD,IDW,10.7303,10.7303
HJH,2004_9,SD,IDW,13.1943,13.1943
HJH,2005_5,SD,IDW,11.0189,11.0189
HJH,2005_6,SD,IDW,8.0892,8.0892
HJH,2005_7,SD,IDW,40.8206,40.8206
HJH,2005_8,SD,IDW,26.6871,26.6871
HJH,2005_9,SD,IDW,22.2317,22.2317
HJH,2006_5,SD,IDW,16.8211,16.8211
HJH,2006_6,SD,IDW,17.2813,17.2813
HJH,2006_7,SD,IDW,19.483,19.483
HJH,2006_8,SD,IDW,12.0847,12.0847
HJH,2006_9,SD,IDW,13.6225,13.6225
HJH,2007_5,SD,IDW,12.3428,12.3428
HJH,2007_6,SD,IDW,20.8907,20.8907
HJH,2007_7,SD,IDW,15.5487,15.5487
HJH,2007_8,SD,IDW,18.5979,18.5979
HJH,2007_9,SD,IDW,14.6635,14.6635
HJH,2008_5,SD,IDW,10.5288,10.5288
HJH,2008_6,SD,IDW,44.6907,44.6907
HJH,2008_7,SD,IDW,21.9315,21.9315
HJH,2008_8,SD,IDW,25.4078,25.4078
HJH,2008_9,SD,IDW,22.97,22.97
HJH,2009_5,SD,IDW,7.0006,7.0006
HJH,2009_6,SD,IDW,10.6777,10.6777
HJH,2009_7,SD,IDW,20.1881,20.1881
HJH,2009_8,SD,IDW,17.9061,17.9061
HJH,2009_9,SD,IDW,16.3678,16.3678
HJH,2010_5,SD,IDW,11.0546,11.0546
HJH,2010_6,SD,IDW,18.3338,18.3338
HJH,2010_7,SD,IDW,15.6283,15.6283
HJH,2010_8,SD,IDW,23.0063,23.0063
HJH,2010_9,SD,IDW,19.236,19.236
HJH,2011_5,SD,IDW,10.5799,10.5799
HJH,2011_6,SD,IDW,64.423,64.423
HJH,2011_7,SD,IDW,17.8339,17.8339
HJH,2011_8,SD,IDW,30.7007,30.7007
HJH,2011_9,SD,IDW,20.8995,20.8995
HJH,2012_5,SD,IDW,21.9094,21.9094
HJH,2012_6,SD,IDW,41.4542,41.4542
HJH,2012_7,SD,IDW,24.7942,24.7942
HJH,2012_8,SD,IDW,35.5132,35.5132
HJH,2012_9,SD,IDW,13.0492,13.0492
HJH,2013_5,SD,IDW,8.5908,8.5908
HJH,2013_6,SD,IDW,35.928,35.928
HJH,2013_7,SD,IDW,12.4679,12.4679
HJH,2013_8,SD,IDW,38.9513,38.9513
HJH,2013_9,SD,IDW,14.7744,14.7744
HJH,2014_5,SD,IDW,12.4176,12.4176
HJH,2014_6,SD,IDW,16.8125,16.8125
HJH,2014_7,SD,IDW,15.9674,15.9674
HJH,2014_8,SD,IDW,39.5223,39.5223
HJH,2014_9,SD,IDW,17.8422,17.8422
HJH,2015_5,SD,IDW,5.3254,5.3254
HJH,2015_6,SD,IDW,22.5631,22.5631
HJH,2015_7,SD,IDW,37.4924,37.4924
HJH,2015_8,SD,IDW,15.8372,15.8372
HJH,2015_9,SD,IDW,26.5829,26.5829
HJH,2016_5,SD,IDW,28.0373,28.0373
HJH,2016_6,SD,IDW,26.7821,26.7821
HJH,2016_7,SD,IDW,25.3256,25.3256
HJH,2016_8,SD,IDW,22.84,22.84
HJH,2016_9,SD,IDW,36.6272,36.6272
HQ,1979_5,SD,IDW,9.4376,9.4376
HQ,1979_6,SD,IDW,31.57,31.57
HQ,1979_7,SD,IDW,14.1726,14.1726
HQ,1979_8,SD,IDW,14.5489,14.5489
HQ,1979_9,SD,IDW,15.7425,15.7425
HQ,1980_5,SD,IDW,8.3716,8.3716
HQ,1980_6,SD,IDW,15.2656,15.2656
HQ,1980_7,SD,IDW,21.7104,21.7104
HQ,1980_8,SD,IDW,19.5788,19.5788
HQ,1980_9,SD,IDW,8.1199,8.1199
HQ,1981_5,SD,IDW,9.7915,9.7915
HQ,1981_6,SD,IDW,16.5368,16.5368
HQ,1981_7,SD,IDW,30.9052,30.9052
HQ,1981_8,SD,IDW,28.8538,28.8538
HQ,1981_9,SD,IDW,4.9236,4.9236
HQ,1982_5,SD,IDW,9.9632,9.9632
HQ,1982_6,SD,IDW,5.0035,5.0035
HQ,1982_7,SD,IDW,12.2674,12.2674
HQ,1982_8,SD,IDW,18.6731,18.6731
HQ,1982_9,SD,IDW,9.5648,9.5648
HQ,1983_5,SD,IDW,29.623,29.623
HQ,1983_6,SD,IDW,56.704,56.704
HQ,1983_7,SD,IDW,15.636,15.636
HQ,1983_8,SD,IDW,6.3531,6.3531
HQ,1983_9,SD,IDW,43.5649,43.5649
HQ,1984_5,SD,IDW,9.9812,9.9812
HQ,1984_6,SD,IDW,53.6993,53.6993
HQ,1984_7,SD,IDW,13.847,13.847
HQ,1984_8,SD,IDW,24.7863,24.7863
HQ,1984_9,SD,IDW,25.0535,25.0535
HQ,1985_5,SD,IDW,15.3644,15.3644
HQ,1985_6,SD,IDW,13.3431,13.3431
HQ,1985_7,SD,IDW,14.8068,14.8068
HQ,1985_8,SD,IDW,21.8334,21.8334
HQ,1985_9,SD,IDW,26.0105,26.0105
HQ,1986_5,SD,IDW,2.3361,2.3361
HQ,1986_6,SD,IDW,13.5523,13.5523
HQ,1986_7,SD,IDW,9.3433,9.3433
HQ,1986_8,SD,IDW,12.7566,12.7566
HQ,1986_9,SD,IDW,17.7772,17.7772
HQ,1987_5,SD,IDW,9.7906,9.7906
HQ,1987_6,SD,IDW,17.3026,17.3026
HQ,1987_7,SD,IDW,48.9973,48.9973
HQ,1987_8,SD,IDW,27.2062,27.2062
HQ,1987_9,SD,IDW,14.1072,14.1072
HQ,1988_5,SD,IDW,5.0904,5.0904
HQ,1988_6,SD,IDW,6.1485,6.1485
HQ,1988_7,SD,IDW,18.0356,18.0356
HQ,1988_8,SD,IDW,26.2957,26.2957
HQ,1988_9,SD,IDW,29.96,29.96
HQ,1989_5,SD,IDW,5.4781,5.4781
HQ,1989_6,SD,IDW,7.1221,7.1221
HQ,1989_7,SD,IDW,19.2969,19.2969
HQ,1989_8,SD,IDW,23.5371,23.5371
HQ,1989_9,SD,IDW,21.7636,21.7636
HQ,1990_5,SD,IDW,10.0789,10.0789
HQ,1990_6,SD,IDW,19.444,19.444
HQ,1990_7,SD,IDW,12.973,12.973
HQ,1990_8,SD,IDW,21.1909,21.1909
HQ,1990_9,SD,IDW,22.315,22.315
HQ,1991_5,SD,IDW,15.2156,15.2156
HQ,1991_6,SD,IDW,25.5715,25.5715
HQ,1991_7,SD,IDW,49.1151,49.1151
HQ,1991_8,SD,IDW,6.3004,6.3004
HQ,1991_9,SD,IDW,19.3687,19.3687
HQ,1992_5,SD,IDW,6.2603,6.2603
HQ,1992_6,SD,IDW,16.2043,16.2043
HQ,1992_7,SD,IDW,14.3956,14.3956
HQ,1992_8,SD,IDW,10.8873,10.8873
HQ,1992_9,SD,IDW,31.1963,31.1963
HQ,1993_5,SD,IDW,18.473,18.473
HQ,1993_6,SD,IDW,8.8867,8.8867
HQ,1993_7,SD,IDW,50.164,50.164
HQ,1993_8,SD,IDW,16.7723,16.7723
HQ,1993_9,SD,IDW,8.4876,8.4876
HQ,1994_5,SD,IDW,14.6998,14.6998
HQ,1994_6,SD,IDW,17.0452,17.0452
HQ,1994_7,SD,IDW,10.4568,10.4568
HQ,1994_8,SD,IDW,9.1617,9.1617
HQ,1994_9,SD,IDW,6.4852,6.4852
HQ,1995_5,SD,IDW,8.4565,8.4565
HQ,1995_6,SD,IDW,11.428,11.428
HQ,1995_7,SD,IDW,18.3819,18.3819
HQ,1995_8,SD,IDW,14.7385,14.7385
HQ,1995_9,SD,IDW,1.8591,1.8591
HQ,1996_5,SD,IDW,4.6109,4.6109
HQ,1996_6,SD,IDW,37.0517,37.0517
HQ,1996_7,SD,IDW,14.1408,14.1408
HQ,1996_8,SD,IDW,11.4171,11.4171
HQ,1996_9,SD,IDW,3.2647,3.2647
HQ,1997_5,SD,IDW,6.0069,6.0069
HQ,1997_6,SD,IDW,11.6939,11.6939
HQ,1997_7,SD,IDW,26.9367,26.9367
HQ,1997_8,SD,IDW,24.7298,24.7298
HQ,1997_9,SD,IDW,4.3775,4.3775
HQ,1998_5,SD,IDW,12.2594,12.2594
HQ,1998_6,SD,IDW,9.4922,9.4922
HQ,1998_7,SD,IDW,10.8467,10.8467
HQ,1998_8,SD,IDW,34.7972,34.7972
HQ,1998_9,SD,IDW,22.5005,22.5005
HQ,1999_5,SD,IDW,9.929,9.929
HQ,1999_6,SD,IDW,83.7118,83.7118
HQ,1999_7,SD,IDW,14.0744,14.0744
HQ,1999_8,SD,IDW,18.2454,18.2454
HQ,1999_9,SD,IDW,17.9297,17.9297
HQ,2000_5,SD,IDW,10.53,10.53
HQ,2000_6,SD,IDW,10.8903,10.8903
HQ,2000_7,SD,IDW,17.8961,17.8961
HQ,2000_8,SD,IDW,9.6199,9.6199
HQ,2000_9,SD,IDW,10.5045,10.5045
HQ,2001_5,SD,IDW,7.1317,7.1317
HQ,2001_6,SD,IDW,31.6399,31.6399
HQ,2001_7,SD,IDW,17.1567,17.1567
HQ,2001_8,SD,IDW,22.6145,22.6145
HQ,2001_9,SD,IDW,6.3009,6.3009
HQ,2002_5,SD,IDW,9.7515,9.7515
HQ,2002_6,SD,IDW,41.8564,41.8564
HQ,2002_7,SD,IDW,15.9107,15.9107
HQ,2002_8,SD,IDW,25.5485,25.5485
HQ,2002_9,SD,IDW,6.2436,6.2436
HQ,2003_5,SD,IDW,6.6296,6.6296
HQ,2003_6,SD,IDW,11.0814,11.0814
HQ,2003_7,SD,IDW,41.3586,41.3586
HQ,2003_8,SD,IDW,21.1522,21.1522
HQ,2003_9,SD,IDW,6.5069,6.5069
HQ,2004_5,SD,IDW,4.8638,4.8638
HQ,2004_6,SD,IDW,16.7994,16.7994
HQ,2004_7,SD,IDW,12.6238,12.6238
HQ,2004_8,SD,IDW,8.6468,8.6468
HQ,2004_9,SD,IDW,11.8345,11.8345
HQ,2005_5,SD,IDW,8.6639,8.6639
HQ,2005_6,SD,IDW,11.987,11.987
HQ,2005_7,SD,IDW,42.6861,42.6861
HQ,2005_8,SD,IDW,18.1942,18.1942
HQ,2005_9,SD,IDW,9.4252,9.4252
HQ,2006_5,SD,IDW,13.2871,13.2871
HQ,2006_6,SD,IDW,5.9292,5.9292
HQ,2006_7,SD,IDW,37.0763,37.0763
HQ,2006_8,SD,IDW,10.2199,10.2199
HQ,2006_9,SD,IDW,13.8819,13.8819
HQ,2007_5,SD,IDW,11.0334,11.0334
HQ,2007_6,SD,IDW,18.2803,18.2803
HQ,2007_7,SD,IDW,57.8555,57.8555
HQ,2007_8,SD,IDW,19.7672,19.7672
HQ,2007_9,SD,IDW,23.694,23.694
HQ,2008_5,SD,IDW,14.768,14.768
HQ,2008_6,SD,IDW,44.1541,44.1541
HQ,2008_7,SD,IDW,17.3898,17.3898
HQ,2008_8,SD,IDW,14.1915,14.1915
HQ,2008_9,SD,IDW,11.4567,11.4567
HQ,2009_5,SD,IDW,1.6262,1.6262
HQ,2009_6,SD,IDW,30.948,30.948
HQ,2009_7,SD,IDW,39.6045,39.6045
HQ,2009_8,SD,IDW,22.3657,22.3657
HQ,2009_9,SD,IDW,8.3293,8.3293
HQ,2010_5,SD,IDW,8.5445,8.5445
HQ,2010_6,SD,IDW,15.9978,15.9978
HQ,2010_7,SD,IDW,34.0094,34.0094
HQ,2010_8,SD,IDW,11.0886,11.0886
HQ,2010_9,SD,IDW,22.5547,22.5547
HQ,2011_5,SD,IDW,4.971,4.971
HQ,2011_6,SD,IDW,36.2729,36.2729
HQ,2011_7,SD,IDW,34.5447,34.5447
HQ,2011_8,SD,IDW,61.3771,61.3771
HQ,2011_9,SD,IDW,8.7105,8.7105
HQ,2012_5,SD,IDW,21.7481,21.7481
HQ,2012_6,SD,IDW,22.6465,22.6465
HQ,2012_7,SD,IDW,15.1057,15.1057
HQ,2012_8,SD,IDW,41.663,41.663
HQ,2012_9,SD,IDW,13.3755,13.3755
HQ,2013_5,SD,IDW,14.8283,14.8283
HQ,2013_6,SD,IDW,11.8494,11.8494
HQ,2013_7,SD,IDW,31.8351,31.8351
HQ,2013_8,SD,IDW,9.6342,9.6342
HQ,2013_9,SD,IDW,7.4718,7.4718
HQ,2014_5,SD,IDW,6.4056,6.4056
HQ,2014_6,SD,IDW,28.5403,28.5403
HQ,2014_7,SD,IDW,22.7377,22.7377
HQ,2014_8,SD,IDW,11.1631,11.1631
HQ,2014_9,SD,IDW,6.3147,6.3147
HQ,2015_5,SD,IDW,16.4254,16.4254
HQ,2015_6,SD,IDW,93.662,93.662
HQ,2015_7,SD,IDW,25.8266,25.8266
HQ,2015_8,SD,IDW,12.6534,12.6534
HQ,2015_9,SD,IDW,16.7525,16.7525
HQ,2016_5,SD,IDW,21.1565,21.1565
HQ,2016_6,SD,IDW,31.5242,31.5242
HQ,2016_7,SD,IDW,63.2879,63.2879
HQ,2016_8,SD,IDW,6.896,6.896
HQ,2016_9,SD,IDW,46.7209,46.7209
HX,1979_5,SD,IDW,10.5902,10.5902
HX,1979_6,SD,IDW,25.4679,25.4679
HX,1979_7,SD,IDW,21.881,21.881
HX,1979_8,SD,IDW,22.538,22.538
HX,1979_9,SD,IDW,15.1333,15.1333
HX,1980_5,SD,IDW,13.0948,13.0948
HX,1980_6,SD,IDW,18.6842,18.6842
HX,1980_7,SD,IDW,42.7641,42.7641
HX,1980_8,SD,IDW,82.0147,82.0147
HX,1980_9,SD,IDW,19.7182,19.7182
HX,1981_5,SD,IDW,16.2509,16.2509
HX,1981_6,SD,IDW,18.3365,18.3365
HX,1981_7,SD,IDW,17.9421,17.9421
HX,1981_8,SD,IDW,20.74,20.74
HX,1981_9,SD,IDW,9.895,9.895
HX,1982_5,SD,IDW,12.9773,12.9773
HX,1982_6,SD,IDW,17.3151,17.3151
HX,1982_7,SD,IDW,64.8452,64.8452
HX,1982_8,SD,IDW,13.5672,13.5672
HX,1982_9,SD,IDW,7.72,7.72
HX,1983_5,SD,IDW,32.4439,32.4439
HX,1983_6,SD,IDW,50.0566,50.0566
HX,1983_7,SD,IDW,14.739,14.739
HX,1983_8,SD,IDW,9.5826,9.5826
HX,1983_9,SD,IDW,80.148,80.148
HX,1984_5,SD,IDW,23.381,23.381
HX,1984_6,SD,IDW,55.9818,55.9818
HX,1984_7,SD,IDW,22.8758,22.8758
HX,1984_8,SD,IDW,13.481,13.481
HX,1984_9,SD,IDW,25.1143,25.1143
HX,1985_5,SD,IDW,9.9885,9.9885
HX,1985_6,SD,IDW,23.1328,23.1328
HX,1985_7,SD,IDW,44.6902,44.6902
HX,1985_8,SD,IDW,33.2348,33.2348
HX,1985_9,SD,IDW,28.5744,28.5744
HX,1986_5,SD,IDW,6.5564,6.5564
HX,1986_6,SD,IDW,50.1091,50.1091
HX,1986_7,SD,IDW,40.9755,40.9755
HX,1986_8,SD,IDW,11.66,11.66
HX,1986_9,SD,IDW,27.767,27.767
HX,1987_5,SD,IDW,16.6615,16.6615
HX,1987_6,SD,IDW,21.3244,21.3244
HX,1987_7,SD,IDW,58.4467,58.4467
HX,1987_8,SD,IDW,20.9365,20.9365
HX,1987_9,SD,IDW,33.6331,33.6331
HX,1988_5,SD,IDW,8.6449,8.6449
HX,1988_6,SD,IDW,37.275,37.275
HX,1988_7,SD,IDW,42.8488,42.8488
HX,1988_8,SD,IDW,22.4621,22.4621
HX,1988_9,SD,IDW,21.6099,21.6099
HX,1989_5,SD,IDW,12.263,12.263
HX,1989_6,SD,IDW,8.796,8.796
HX,1989_7,SD,IDW,50.5481,50.5481
HX,1989_8,SD,IDW,27.2616,27.2616
HX,1989_9,SD,IDW,35.7248,35.7248
HX,1990_5,SD,IDW,14.1408,14.1408
HX,1990_6,SD,IDW,9.6121,9.6121
HX,1990_7,SD,IDW,17.5832,17.5832
HX,1990_8,SD,IDW,48.9281,48.9281
HX,1990_9,SD,IDW,30.4683,30.4683
HX,1991_5,SD,IDW,13.743,13.743
HX,1991_6,SD,IDW,67.9921,67.9921
HX,1991_7,SD,IDW,54.9603,54.9603
HX,1991_8,SD,IDW,45.2504,45.2504
HX,1991_9,SD,IDW,17.0752,17.0752
HX,1992_5,SD,IDW,5.9289,5.9289
HX,1992_6,SD,IDW,9.3622,9.3622
HX,1992_7,SD,IDW,13.4782,13.4782
HX,1992_8,SD,IDW,17.207,17.207
HX,1992_9,SD,IDW,49.387,49.387
HX,1993_5,SD,IDW,12.9768,12.9768
HX,1993_6,SD,IDW,11.7219,11.7219
HX,1993_7,SD,IDW,48.8963,48.8963
HX,1993_8,SD,IDW,61.666,61.666
HX,1993_9,SD,IDW,13.9345,13.9345
HX,1994_5,SD,IDW,12.8818,12.8818
HX,1994_6,SD,IDW,11.8152,11.8152
HX,1994_7,SD,IDW,11.2125,11.2125
HX,1994_8,SD,IDW,28.5572,28.5572
HX,1994_9,SD,IDW,9.5166,9.5166
HX,1995_5,SD,IDW,19.3952,19.3952
HX,1995_6,SD,IDW,15.756,15.756
HX,1995_7,SD,IDW,21.4939,21.4939
HX,1995_8,SD,IDW,34.8461,34.8461
HX,1995_9,SD,IDW,3.7049,3.7049
HX,1996_5,SD,IDW,12.8722,12.8722
HX,1996_6,SD,IDW,47.1364,47.1364
HX,1996_7,SD,IDW,20.9245,20.9245
HX,1996_8,SD,IDW,22.553,22.553
HX,1996_9,SD,IDW,12.6735,12.6735
HX,1997_5,SD,IDW,19.5693,19.5693
HX,1997_6,SD,IDW,27.8189,27.8189
HX,1997_7,SD,IDW,22.859,22.859
HX,1997_8,SD,IDW,23.6268,23.6268
HX,1997_9,SD,IDW,4.7298,4.7298
HX,1998_5,SD,IDW,6.5539,6.5539
HX,1998_6,SD,IDW,10.417,10.417
HX,1998_7,SD,IDW,38.8587,38.8587
HX,1998_8,SD,IDW,17.2596,17.2596
HX,1998_9,SD,IDW,44.5234,44.5234
HX,1999_5,SD,IDW,10.342,10.342
HX,1999_6,SD,IDW,118.2378,118.2378
HX,1999_7,SD,IDW,16.4207,16.4207
HX,1999_8,SD,IDW,41.0031,41.0031
HX,1999_9,SD,IDW,15.1926,15.1926
HX,2000_5,SD,IDW,19.7815,19.7815
HX,2000_6,SD,IDW,28.0853,28.0853
HX,2000_7,SD,IDW,17.3106,17.3106
HX,2000_8,SD,IDW,20.2254,20.2254
HX,2000_9,SD,IDW,8.1493,8.1493
HX,2001_5,SD,IDW,11.2826,11.2826
HX,2001_6,SD,IDW,60.6486,60.6486
HX,2001_7,SD,IDW,33.1572,33.1572
HX,2001_8,SD,IDW,34.4144,34.4144
HX,2001_9,SD,IDW,5.1028,5.1028
HX,2002_5,SD,IDW,15.9185,15.9185
HX,2002_6,SD,IDW,44.0566,44.0566
HX,2002_7,SD,IDW,21.627,21.627
HX,2002_8,SD,IDW,20.8627,20.8627
HX,2002_9,SD,IDW,14.1016,14.1016
HX,2003_5,SD,IDW,10.7094,10.7094
HX,2003_6,SD,IDW,17.8078,17.8078
HX,2003_7,SD,IDW,116.8084,116.8084
HX,2003_8,SD,IDW,16.7815,16.7815
HX,2003_9,SD,IDW,9.9404,9.9404
HX,2004_5,SD,IDW,13.4289,13.4289
HX,2004_6,SD,IDW,44.252,44.252
HX,2004_7,SD,IDW,17.1961,17.1961
HX,2004_8,SD,IDW,16.4171,16.4171
HX,2004_9,SD,IDW,16.1065,16.1065
HX,2005_5,SD,IDW,7.2738,7.2738
HX,2005_6,SD,IDW,7.3889,7.3889
HX,2005_7,SD,IDW,69.4817,69.4817
HX,2005_8,SD,IDW,17.9125,17.9125
HX,2005_9,SD,IDW,13.2135,13.2135
HX,2006_5,SD,IDW,13.9545,13.9545
HX,2006_6,SD,IDW,19.3066,19.3066
HX,2006_7,SD,IDW,38.5051,38.5051
HX,2006_8,SD,IDW,13.7874,13.7874
HX,2006_9,SD,IDW,14.5919,14.5919
HX,2007_5,SD,IDW,8.1475,8.1475
HX,2007_6,SD,IDW,15.4381,15.4381
HX,2007_7,SD,IDW,118.1337,118.1337
HX,2007_8,SD,IDW,17.1543,17.1543
HX,2007_9,SD,IDW,34.3466,34.3466
HX,2008_5,SD,IDW,12.9146,12.9146
HX,2008_6,SD,IDW,41.077,41.077
HX,2008_7,SD,IDW,30.1157,30.1157
HX,2008_8,SD,IDW,22.4786,22.4786
HX,2008_9,SD,IDW,24.6911,24.6911
HX,2009_5,SD,IDW,4.7785,4.7785
HX,2009_6,SD,IDW,23.2076,23.2076
HX,2009_7,SD,IDW,68.8112,68.8112
HX,2009_8,SD,IDW,52.952,52.952
HX,2009_9,SD,IDW,24.4187,24.4187
HX,2010_5,SD,IDW,21.7791,21.7791
HX,2010_6,SD,IDW,17.6037,17.6037
HX,2010_7,SD,IDW,28.3052,28.3052
HX,2010_8,SD,IDW,25.6463,25.6463
HX,2010_9,SD,IDW,23.7112,23.7112
HX,2011_5,SD,IDW,5.6385,5.6385
HX,2011_6,SD,IDW,62.9998,62.9998
HX,2011_7,SD,IDW,28.2816,28.2816
HX,2011_8,SD,IDW,50.8891,50.8891
HX,2011_9,SD,IDW,12.5099,12.5099
HX,2012_5,SD,IDW,42.8095,42.8095
HX,2012_6,SD,IDW,19.4744,19.4744
HX,2012_7,SD,IDW,40.4755,40.4755
HX,2012_8,SD,IDW,57.0224,57.0224
HX,2012_9,SD,IDW,24.6387,24.6387
HX,2013_5,SD,IDW,15.1375,15.1375
HX,2013_6,SD,IDW,16.6393,16.6393
HX,2013_7,SD,IDW,25.3858,25.3858
HX,2013_8,SD,IDW,9.4096,9.4096
HX,2013_9,SD,IDW,7.0339,7.0339
HX,2014_5,SD,IDW,24.8867,24.8867
HX,2014_6,SD,IDW,10.0452,10.0452
HX,2014_7,SD,IDW,36.9775,36.9775
HX,2014_8,SD,IDW,15.4618,15.4618
HX,2014_9,SD,IDW,11.7008,11.7008
HX,2015_5,SD,IDW,40.5485,40.5485
HX,2015_6,SD,IDW,136.1408,136.1408
HX,2015_7,SD,IDW,24.3028,24.3028
HX,2015_8,SD,IDW,40.3895,40.3895
HX,2015_9,SD,IDW,20.111,20.111
HX,2016_5,SD,IDW,26.1929,26.1929
HX,2016_6,SD,IDW,72.0909,72.0909
HX,2016_7,SD,IDW,47.0469,47.0469
HX,2016_8,SD,IDW,17.738,17.738
HX,2016_9,SD,IDW,43.2778,43.2778
PDPX,1979_5,SD,IDW,3.8443,3.8443
PDPX,1979_6,SD,IDW,4.3197,4.3197
PDPX,1979_7,SD,IDW,6.5876,6.5876
PDPX,1979_8,SD,IDW,12.1519,12.1519
PDPX,1979_9,SD,IDW,16.1163,16.1163
PDPX,1980_5,SD,IDW,12.2914,12.2914
PDPX,1980_6,SD,IDW,13.9554,13.9554
PDPX,1980_7,SD,IDW,19.3424,19.3424
PDPX,1980_8,SD,IDW,39.1965,39.1965
PDPX,1980_9,SD,IDW,20.5571,20.5571
PDPX,1981_5,SD,IDW,12.2395,12.2395
PDPX,1981_6,SD,IDW,14.2328,14.2328
PDPX,1981_7,SD,IDW,16.0758,16.0758
PDPX,1981_8,SD,IDW,9.7625,9.7625
PDPX,1981_9,SD,IDW,6.1252,6.1252
PDPX,1982_5,SD,IDW,15.1201,15.1201
PDPX,1982_6,SD,IDW,15.095,15.095
PDPX,1982_7,SD,IDW,39.3424,39.3424
PDPX,1982_8,SD,IDW,13.391,13.391
PDPX,1982_9,SD,IDW,7.5942,7.5942
PDPX,1983_5,SD,IDW,8.4146,8.4146
PDPX,1983_6,SD,IDW,22.4114,22.4114
PDPX,1983_7,SD,IDW,6.2906,6.2906
PDPX,1983_8,SD,IDW,8.1923,8.1923
PDPX,1983_9,SD,IDW,45.8674,45.8674
PDPX,1984_5,SD,IDW,5.6701,5.6701
PDPX,1984_6,SD,IDW,22.6843,22.6843
PDPX,1984_7,SD,IDW,35.5668,35.5668
PDPX,1984_8,SD,IDW,18.6505,18.6505
PDPX,1984_9,SD,IDW,16.4623,16.4623
PDPX,1985_5,SD,IDW,15.3401,15.3401
PDPX,1985_6,SD,IDW,7.0132,7.0132
PDPX,1985_7,SD,IDW,15.244,15.244
PDPX,1985_8,SD,IDW,26.1873,26.1873
PDPX,1985_9,SD,IDW,21.0376,21.0376
PDPX,1986_5,SD,IDW,6.8428,6.8428
PDPX,1986_6,SD,IDW,43.635,43.635
PDPX,1986_7,SD,IDW,27.8461,27.8461
PDPX,1986_8,SD,IDW,20.7106,20.7106
PDPX,1986_9,SD,IDW,33.0444,33.0444
PDPX,1987_5,SD,IDW,16.0386,16.0386
PDPX,1987_6,SD,IDW,15.2929,15.2929
PDPX,1987_7,SD,IDW,20.3604,20.3604
PDPX,1987_8,SD,IDW,22.2555,22.2555
PDPX,1987_9,SD,IDW,10.2998,10.2998
PDPX,1988_5,SD,IDW,3.7455,3.7455
PDPX,1988_6,SD,IDW,12.3289,12.3289
PDPX,1988_7,SD,IDW,28.773,28.773
PDPX,1988_8,SD,IDW,11.1683,11.1683
PDPX,1988_9,SD,IDW,20.3509,20.3509
PDPX,1989_5,SD,IDW,4.1885,4.1885
PDPX,1989_6,SD,IDW,3.5713,3.5713
PDPX,1989_7,SD,IDW,26.9043,26.9043
PDPX,1989_8,SD,IDW,18.5011,18.5011
PDPX,1989_9,SD,IDW,8.3544,8.3544
PDPX,1990_5,SD,IDW,7.6116,7.6116
PDPX,1990_6,SD,IDW,8.0206,8.0206
PDPX,1990_7,SD,IDW,7.6902,7.6902
PDPX,1990_8,SD,IDW,10.892,10.892
PDPX,1990_9,SD,IDW,10.2828,10.2828
PDPX,1991_5,SD,IDW,8.1796,8.1796
PDPX,1991_6,SD,IDW,11.5882,11.5882
PDPX,1991_7,SD,IDW,41.0528,41.0528
PDPX,1991_8,SD,IDW,35.3173,35.3173
PDPX,1991_9,SD,IDW,22.6976,22.6976
PDPX,1992_5,SD,IDW,4.1282,4.1282
PDPX,1992_6,SD,IDW,8.1782,8.1782
PDPX,1992_7,SD,IDW,8.4361,8.4361
PDPX,1992_8,SD,IDW,9.8603,9.8603
PDPX,1992_9,SD,IDW,8.369,8.369
PDPX,1993_5,SD,IDW,11.6754,11.6754
PDPX,1993_6,SD,IDW,13.3421,13.3421
PDPX,1993_7,SD,IDW,39.5632,39.5632
PDPX,1993_8,SD,IDW,81.9766,81.9766
PDPX,1993_9,SD,IDW,27.3678,27.3678
PDPX,1994_5,SD,IDW,2.8031,2.8031
PDPX,1994_6,SD,IDW,27.1232,27.1232
PDPX,1994_7,SD,IDW,2.5007,2.5007
PDPX,1994_8,SD,IDW,11.2933,11.2933
PDPX,1994_9,SD,IDW,7.2181,7.2181
PDPX,1995_5,SD,IDW,3.9081,3.9081
PDPX,1995_6,SD,IDW,19.6473,19.6473
PDPX,1995_7,SD,IDW,17.9496,17.9496
PDPX,1995_8,SD,IDW,8.1342,8.1342
PDPX,1995_9,SD,IDW,1.1868,1.1868
PDPX,1996_5,SD,IDW,2.7027,2.7027
PDPX,1996_6,SD,IDW,9.773,9.773
PDPX,1996_7,SD,IDW,22.5478,22.5478
PDPX,1996_8,SD,IDW,15.8708,15.8708
PDPX,1996_9,SD,IDW,3.6173,3.6173
PDPX,1997_5,SD,IDW,7.7429,7.7429
PDPX,1997_6,SD,IDW,22.7349,22.7349
PDPX,1997_7,SD,IDW,35.5135,35.5135
PDPX,1997_8,SD,IDW,14.2696,14.2696
PDPX,1997_9,SD,IDW,2.5825,2.5825
PDPX,1998_5,SD,IDW,9.9726,9.9726
PDPX,1998_6,SD,IDW,4.6777,4.6777
PDPX,1998_7,SD,IDW,15.6378,15.6378
PDPX,1998_8,SD,IDW,7.3495,7.3495
PDPX,1998_9,SD,IDW,6.0431,6.0431
PDPX,1999_5,SD,IDW,7.8696,7.8696
PDPX,1999_6,SD,IDW,28.9801,28.9801
PDPX,1999_7,SD,IDW,12.1607,12.1607
PDPX,1999_8,SD,IDW,22.1402,22.1402
PDPX,1999_9,SD,IDW,19.3296,19.3296
PDPX,2000_5,SD,IDW,10.086,10.086
PDPX,2000_6,SD,IDW,7.5224,7.5224
PDPX,2000_7,SD,IDW,16.1435,16.1435
PDPX,2000_8,SD,IDW,18.6381,18.6381
PDPX,2000_9,SD,IDW,12.7229,12.7229
PDPX,2001_5,SD,IDW,3.5644,3.5644
PDPX,2001_6,SD,IDW,34.2465,34.2465
PDPX,2001_7,SD,IDW,19.7089,19.7089
PDPX,2001_8,SD,IDW,40.7388,40.7388
PDPX,2001_9,SD,IDW,8.6438,8.6438
PDPX,2002_5,SD,IDW,8.2817,8.2817
PDPX,2002_6,SD,IDW,12.7201,12.7201
PDPX,2002_7,SD,IDW,9.0539,9.0539
PDPX,2002_8,SD,IDW,25.8927,25.8927
PDPX,2002_9,SD,IDW,7.016,7.016
PDPX,2003_5,SD,IDW,6.4211,6.4211
PDPX,2003_6,SD,IDW,17.2366,17.2366
PDPX,2003_7,SD,IDW,19.4271,19.4271
PDPX,2003_8,SD,IDW,13.7397,13.7397
PDPX,2003_9,SD,IDW,15.9483,15.9483
PDPX,2004_5,SD,IDW,3.7018,3.7018
PDPX,2004_6,SD,IDW,26.825,26.825
PDPX,2004_7,SD,IDW,23.7615,23.7615
PDPX,2004_8,SD,IDW,24.7183,24.7183
PDPX,2004_9,SD,IDW,16.5706,16.5706
PDPX,2005_5,SD,IDW,12.0526,12.0526
PDPX,2005_6,SD,IDW,7.1668,7.1668
PDPX,2005_7,SD,IDW,10.5755,10.5755
PDPX,2005_8,SD,IDW,27.0832,27.0832
PDPX,2005_9,SD,IDW,13.7922,13.7922
PDPX,2006_5,SD,IDW,6.4337,6.4337
PDPX,2006_6,SD,IDW,27.4662,27.4662
PDPX,2006_7,SD,IDW,53.5123,53.5123
PDPX,2006_8,SD,IDW,15.9474,15.9474
PDPX,2006_9,SD,IDW,7.3853,7.3853
PDPX,2007_5,SD,IDW,9.5437,9.5437
PDPX,2007_6,SD,IDW,21.073,21.073
PDPX,2007_7,SD,IDW,45.0873,45.0873
PDPX,2007_8,SD,IDW,31.8688,31.8688
PDPX,2007_9,SD,IDW,14.1616,14.1616
PDPX,2008_5,SD,IDW,25.6403,25.6403
PDPX,2008_6,SD,IDW,18.1014,18.1014
PDPX,2008_7,SD,IDW,9.2457,9.2457
PDPX,2008_8,SD,IDW,37.5701,37.5701
PDPX,2008_9,SD,IDW,21.3312,21.3312
PDPX,2009_5,SD,IDW,5.2447,5.2447
PDPX,2009_6,SD,IDW,27.6799,27.6799
PDPX,2009_7,SD,IDW,30.3021,30.3021
PDPX,2009_8,SD,IDW,34.2493,34.2493
PDPX,2009_9,SD,IDW,17.992,17.992
PDPX,2010_5,SD,IDW,11.718,11.718
PDPX,2010_6,SD,IDW,16.2551,16.2551
PDPX,2010_7,SD,IDW,28.2497,28.2497
PDPX,2010_8,SD,IDW,51.524,51.524
PDPX,2010_9,SD,IDW,18.6153,18.6153
PDPX,2011_5,SD,IDW,3.1533,3.1533
PDPX,2011_6,SD,IDW,21.6318,21.6318
PDPX,2011_7,SD,IDW,20.0079,20.0079
PDPX,2011_8,SD,IDW,38.4284,38.4284
PDPX,2011_9,SD,IDW,8.9149,8.9149
PDPX,2012_5,SD,IDW,10.1512,10.1512
PDPX,2012_6,SD,IDW,76.2971,76.2971
PDPX,2012_7,SD,IDW,14.7041,14.7041
PDPX,2012_8,SD,IDW,23.1182,23.1182
PDPX,2012_9,SD,IDW,16.9171,16.9171
PDPX,2013_5,SD,IDW,7.6449,7.6449
PDPX,2013_6,SD,IDW,26.2105,26.2105
PDPX,2013_7,SD,IDW,41.1916,41.1916
PDPX,2013_8,SD,IDW,23.536,23.536
PDPX,2013_9,SD,IDW,19.1564,19.1564
PDPX,2014_5,SD,IDW,7.2899,7.2899
PDPX,2014_6,SD,IDW,13.516,13.516
PDPX,2014_7,SD,IDW,23.6692,23.6692
PDPX,2014_8,SD,IDW,18.352,18.352
PDPX,2014_9,SD,IDW,14.2156,14.2156
PDPX,2015_5,SD,IDW,6.9926,6.9926
PDPX,2015_6,SD,IDW,92.0804,92.0804
PDPX,2015_7,SD,IDW,17.8635,17.8635
PDPX,2015_8,SD,IDW,31.7248,31.7248
PDPX,2015_9,SD,IDW,15.0206,15.0206
PDPX,2016_5,SD,IDW,7.3281,7.3281
PDPX,2016_6,SD,IDW,28.9803,28.9803
PDPX,2016_7,SD,IDW,38.4666,38.4666
PDPX,2016_8,SD,IDW,13.2866,13.2866
PDPX,2016_9,SD,IDW,47.1463,47.1463
WCXY,1979_5,SD,IDW,4.3848,4.3848
WCXY,1979_6,SD,IDW,14.2669,14.2669
WCXY,1979_7,SD,IDW,10.2137,10.2137
WCXY,1979_8,SD,IDW,7.9331,7.9331
WCXY,1979_9,SD,IDW,6.1747,6.1747
WCXY,1980_5,SD,IDW,5.0816,5.0816
WCXY,1980_6,SD,IDW,8.6768,8.6768
WCXY,1980_7,SD,IDW,19.7336,19.7336
WCXY,1980_8,SD,IDW,31.9149,31.9149
WCXY,1980_9,SD,IDW,4.5334,4.5334
WCXY,1981_5,SD,IDW,12.6451,12.6451
WCXY,1981_6,SD,IDW,10.2945,10.2945
WCXY,1981_7,SD,IDW,17.0597,17.0597
WCXY,1981_8,SD,IDW,9.3516,9.3516
WCXY,1981_9,SD,IDW,7.2386,7.2386
WCXY,1982_5,SD,IDW,4.4506,4.4506
WCXY,1982_6,SD,IDW,12.959,12.959
WCXY,1982_7,SD,IDW,9.4395,9.4395
WCXY,1982_8,SD,IDW,7.2779,7.2779
WCXY,1982_9,SD,IDW,6.1257,6.1257
WCXY,1983_5,SD,IDW,9.3822,9.3822
WCXY,1983_6,SD,IDW,8.5179,8.5179
WCXY,1983_7,SD,IDW,16.7718,16.7718
WCXY,1983_8,SD,IDW,5.1831,5.1831
WCXY,1983_9,SD,IDW,10.4191,10.4191
WCXY,1984_5,SD,IDW,7.842,7.842
WCXY,1984_6,SD,IDW,16.6097,16.6097
WCXY,1984_7,SD,IDW,18.3088,18.3088
WCXY,1984_8,SD,IDW,13.4657,13.4657
WCXY,1984_9,SD,IDW,12.2442,12.2442
WCXY,1985_5,SD,IDW,6.9871,6.9871
WCXY,1985_6,SD,IDW,13.4091,13.4091
WCXY,1985_7,SD,IDW,9.8372,9.8372
WCXY,1985_8,SD,IDW,11.7209,11.7209
WCXY,1985_9,SD,IDW,19.0655,19.0655
WCXY,1986_5,SD,IDW,4.093,4.093
WCXY,1986_6,SD,IDW,10.3591,10.3591
WCXY,1986_7,SD,IDW,29.4904,29.4904
WCXY,1986_8,SD,IDW,19.1997,19.1997
WCXY,1986_9,SD,IDW,7.9442,7.9442
WCXY,1987_5,SD,IDW,4.8017,4.8017
WCXY,1987_6,SD,IDW,15.1965,15.1965
WCXY,1987_7,SD,IDW,19.5379,19.5379
WCXY,1987_8,SD,IDW,20.5033,20.5033
WCXY,1987_9,SD,IDW,8.3782,8.3782
WCXY,1988_5,SD,IDW,7.3087,7.3087
WCXY,1988_6,SD,IDW,16.5117,16.5117
WCXY,1988_7,SD,IDW,15.1978,15.1978
WCXY,1988_8,SD,IDW,8.4324,8.4324
WCXY,1988_9,SD,IDW,11.8847,11.8847
WCXY,1989_5,SD,IDW,4.311,4.311
WCXY,1989_6,SD,IDW,15.3468,15.3468
WCXY,1989_7,SD,IDW,24.6762,24.6762
WCXY,1989_8,SD,IDW,7.1763,7.1763
WCXY,1989_9,SD,IDW,13.9786,13.9786
WCXY,1990_5,SD,IDW,2.591,2.591
WCXY,1990_6,SD,IDW,6.7578,6.7578
WCXY,1990_7,SD,IDW,11.2347,11.2347
WCXY,1990_8,SD,IDW,29.0068,29.0068
WCXY,1990_9,SD,IDW,12.4859,12.4859
WCXY,1991_5,SD,IDW,4.3031,4.3031
WCXY,1991_6,SD,IDW,30.7371,30.7371
WCXY,1991_7,SD,IDW,21.1627,21.1627
WCXY,1991_8,SD,IDW,17.2601,17.2601
WCXY,1991_9,SD,IDW,18.493,18.493
WCXY,1992_5,SD,IDW,4.0658,4.0658
WCXY,1992_6,SD,IDW,4.695,4.695
WCXY,1992_7,SD,IDW,4.0233,4.0233
WCXY,1992_8,SD,IDW,7.4871,7.4871
WCXY,1992_9,SD,IDW,18.7048,18.7048
WCXY,1993_5,SD,IDW,4.1445,4.1445
WCXY,1993_6,SD,IDW,7.0625,7.0625
WCXY,1993_7,SD,IDW,12.9329,12.9329
WCXY,1993_8,SD,IDW,34.3526,34.3526
WCXY,1993_9,SD,IDW,6.4474,6.4474
WCXY,1994_5,SD,IDW,9.1595,9.1595
WCXY,1994_6,SD,IDW,10.1007,10.1007
WCXY,1994_7,SD,IDW,8.1798,8.1798
WCXY,1994_8,SD,IDW,9.7036,9.7036
WCXY,1994_9,SD,IDW,3.3143,3.3143
WCXY,1995_5,SD,IDW,16.873,16.873
WCXY,1995_6,SD,IDW,12.7434,12.7434
WCXY,1995_7,SD,IDW,13.6646,13.6646
WCXY,1995_8,SD,IDW,10.2088,10.2088
WCXY,1995_9,SD,IDW,1.9678,1.9678
WCXY,1996_5,SD,IDW,6.4476,6.4476
WCXY,1996_6,SD,IDW,8.7955,8.7955
WCXY,1996_7,SD,IDW,10.0327,10.0327
WCXY,1996_8,SD,IDW,12.5722,12.5722
WCXY,1996_9,SD,IDW,8.7596,8.7596
WCXY,1997_5,SD,IDW,15.0151,15.0151
WCXY,1997_6,SD,IDW,13.7438,13.7438
WCXY,1997_7,SD,IDW,9.7054,9.7054
WCXY,1997_8,SD,IDW,16.8399,16.8399
WCXY,1997_9,SD,IDW,2.1376,2.1376
WCXY,1998_5,SD,IDW,5.7617,5.7617
WCXY,1998_6,SD,IDW,8.7274,8.7274
WCXY,1998_7,SD,IDW,16.1069,16.1069
WCXY,1998_8,SD,IDW,15.0464,15.0464
WCXY,1998_9,SD,IDW,16.7153,16.7153
WCXY,1999_5,SD,IDW,5.1649,5.1649
WCXY,1999_6,SD,IDW,39.7094,39.7094
WCXY,1999_7,SD,IDW,10.6692,10.6692
WCXY,1999_8,SD,IDW,30.1822,30.1822
WCXY,1999_9,SD,IDW,11.9544,11.9544
WCXY,2000_5,SD,IDW,4.5371,4.5371
WCXY,2000_6,SD,IDW,20.5834,20.5834
WCXY,2000_7,SD,IDW,12.2478,12.2478
WCXY,2000_8,SD,IDW,12.4782,12.4782
WCXY,2000_9,SD,IDW,8.6892,8.6892
WCXY,2001_5,SD,IDW,1.6167,1.6167
WCXY,2001_6,SD,IDW,38.1366,38.1366
WCXY,2001_7,SD,IDW,19.4953,19.4953
WCXY,2001_8,SD,IDW,17.2184,17.2184
WCXY,2001_9,SD,IDW,3.1763,3.1763
WCXY,2002_5,SD,IDW,5.3881,5.3881
WCXY,2002_6,SD,IDW,24.4448,24.4448
WCXY,2002_7,SD,IDW,5.2357,5.2357
WCXY,2002_8,SD,IDW,12.5892,12.5892
WCXY,2002_9,SD,IDW,3.1433,3.1433
WCXY,2003_5,SD,IDW,5.0547,5.0547
WCXY,2003_6,SD,IDW,3.1905,3.1905
WCXY,2003_7,SD,IDW,55.5552,55.5552
WCXY,2003_8,SD,IDW,10.0421,10.0421
WCXY,2003_9,SD,IDW,3.7394,3.7394
WCXY,2004_5,SD,IDW,4.5408,4.5408
WCXY,2004_6,SD,IDW,16.081,16.081
WCXY,2004_7,SD,IDW,25.0754,25.0754
WCXY,2004_8,SD,IDW,12.2884,12.2884
WCXY,2004_9,SD,IDW,4.7196,4.7196
WCXY,2005_5,SD,IDW,4.959,4.959
WCXY,2005_6,SD,IDW,8.5184,8.5184
WCXY,2005_7,SD,IDW,12.7383,12.7383
WCXY,2005_8,SD,IDW,13.1489,13.1489
WCXY,2005_9,SD,IDW,6.5078,6.5078
WCXY,2006_5,SD,IDW,5.6969,5.6969
WCXY,2006_6,SD,IDW,9.5095,9.5095
WCXY,2006_7,SD,IDW,18.5536,18.5536
WCXY,2006_8,SD,IDW,9.3871,9.3871
WCXY,2006_9,SD,IDW,6.3082,6.3082
WCXY,2007_5,SD,IDW,6.472,6.472
WCXY,2007_6,SD,IDW,5.5333,5.5333
WCXY,2007_7,SD,IDW,39.3054,39.3054
WCXY,2007_8,SD,IDW,11.1323,11.1323
WCXY,2007_9,SD,IDW,10.272,10.272
WCXY,2008_5,SD,IDW,9.6721,9.6721
WCXY,2008_6,SD,IDW,26.5268,26.5268
WCXY,2008_7,SD,IDW,13.7407,13.7407
WCXY,2008_8,SD,IDW,13.707,13.707
WCXY,2008_9,SD,IDW,12.2506,12.2506
WCXY,2009_5,SD,IDW,3.4831,3.4831
WCXY,2009_6,SD,IDW,12.6718,12.6718
WCXY,2009_7,SD,IDW,28.6623,28.6623
WCXY,2009_8,SD,IDW,7.8414,7.8414
WCXY,2009_9,SD,IDW,5.7025,5.7025
WCXY,2010_5,SD,IDW,3.4052,3.4052
WCXY,2010_6,SD,IDW,6.1859,6.1859
WCXY,2010_7,SD,IDW,29.7689,29.7689
WCXY,2010_8,SD,IDW,15.86,15.86
WCXY,2010_9,SD,IDW,18.9784,18.9784
WCXY,2011_5,SD,IDW,6.1983,6.1983
WCXY,2011_6,SD,IDW,13.4682,13.4682
WCXY,2011_7,SD,IDW,46.5759,46.5759
WCXY,2011_8,SD,IDW,55.2612,55.2612
WCXY,2011_9,SD,IDW,4.2725,4.2725
WCXY,2012_5,SD,IDW,13.9347,13.9347
WCXY,2012_6,SD,IDW,8.1392,8.1392
WCXY,2012_7,SD,IDW,17.6333,17.6333
WCXY,2012_8,SD,IDW,32.5698,32.5698
WCXY,2012_9,SD,IDW,5.3673,5.3673
WCXY,2013_5,SD,IDW,12.9065,12.9065
WCXY,2013_6,SD,IDW,8.4103,8.4103
WCXY,2013_7,SD,IDW,12.1008,12.1008
WCXY,2013_8,SD,IDW,6.4506,6.4506
WCXY,2013_9,SD,IDW,9.7742,9.7742
WCXY,2014_5,SD,IDW,6.3885,6.3885
WCXY,2014_6,SD,IDW,3.8284,3.8284
WCXY,2014_7,SD,IDW,21.0357,21.0357
WCXY,2014_8,SD,IDW,59.4997,59.4997
WCXY,2014_9,SD,IDW,5.9254,5.9254
WCXY,2015_5,SD,IDW,5.6281,5.6281
WCXY,2015_6,SD,IDW,74.6058,74.6058
WCXY,2015_7,SD,IDW,10.3159,10.3159
WCXY,2015_8,SD,IDW,21.8813,21.8813
WCXY,2015_9,SD,IDW,11.182,11.182
WCXY,2016_5,SD,IDW,5.457,5.457
WCXY,2016_6,SD,IDW,13.2336,13.2336
WCXY,2016_7,SD,IDW,25.3597,25.3597
WCXY,2016_8,SD,IDW,7.254,7.254
WCXY,2016_9,SD,IDW,33.3665,33.3665
YCDM,1979_5,SD,IDW,5.7912,5.7912
YCDM,1979_6,SD,IDW,22.8934,22.8934
YCDM,1979_7,SD,IDW,5.7418,5.7418
YCDM,1979_8,SD,IDW,18.1959,18.1959
YCDM,1979_9,SD,IDW,15.132,15.132
YCDM,1980_5,SD,IDW,11.525,11.525
YCDM,1980_6,SD,IDW,17.4611,17.4611
YCDM,1980_7,SD,IDW,16.7273,16.7273
YCDM,1980_8,SD,IDW,27.9137,27.9137
YCDM,1980_9,SD,IDW,9.8087,9.8087
YCDM,1981_5,SD,IDW,9.1274,9.1274
YCDM,1981_6,SD,IDW,15.3921,15.3921
YCDM,1981_7,SD,IDW,20.8169,20.8169
YCDM,1981_8,SD,IDW,16.5274,16.5274
YCDM,1981_9,SD,IDW,5.2462,5.2462
YCDM,1982_5,SD,IDW,10.4386,10.4386
YCDM,1982_6,SD,IDW,17.3909,17.3909
YCDM,1982_7,SD,IDW,20.6736,20.6736
YCDM,1982_8,SD,IDW,7.95,7.95
YCDM,1982_9,SD,IDW,11.3403,11.3403
YCDM,1983_5,SD,IDW,22.9473,22.9473
YCDM,1983_6,SD,IDW,15.1421,15.1421
YCDM,1983_7,SD,IDW,21.9218,21.9218
YCDM,1983_8,SD,IDW,8.9209,8.9209
YCDM,1983_9,SD,IDW,44.4437,44.4437
YCDM,1984_5,SD,IDW,10.7426,10.7426
YCDM,1984_6,SD,IDW,25.9231,25.9231
YCDM,1984_7,SD,IDW,26.7249,26.7249
YCDM,1984_8,SD,IDW,24.9396,24.9396
YCDM,1984_9,SD,IDW,24.0852,24.0852
YCDM,1985_5,SD,IDW,12.1228,12.1228
YCDM,1985_6,SD,IDW,18.8914,18.8914
YCDM,1985_7,SD,IDW,24.1906,24.1906
YCDM,1985_8,SD,IDW,13.1741,13.1741
YCDM,1985_9,SD,IDW,22.8386,22.8386
YCDM,1986_5,SD,IDW,4.3412,4.3412
YCDM,1986_6,SD,IDW,27.6214,27.6214
YCDM,1986_7,SD,IDW,30.8698,30.8698
YCDM,1986_8,SD,IDW,21.4408,21.4408
YCDM,1986_9,SD,IDW,16.5469,16.5469
YCDM,1987_5,SD,IDW,9.9604,9.9604
YCDM,1987_6,SD,IDW,14.6756,14.6756
YCDM,1987_7,SD,IDW,17.3536,17.3536
YCDM,1987_8,SD,IDW,25.5703,25.5703
YCDM,1987_9,SD,IDW,20.5776,20.5776
YCDM,1988_5,SD,IDW,6.5777,6.5777
YCDM,1988_6,SD,IDW,10.4796,10.4796
YCDM,1988_7,SD,IDW,40.1148,40.1148
YCDM,1988_8,SD,IDW,19.0753,19.0753
YCDM,1988_9,SD,IDW,20.1346,20.1346
YCDM,1989_5,SD,IDW,8.819,8.819
YCDM,1989_6,SD,IDW,13.3637,13.3637
YCDM,1989_7,SD,IDW,26.1812,26.1812
YCDM,1989_8,SD,IDW,27.3725,27.3725
YCDM,1989_9,SD,IDW,13.6656,13.6656
YCDM,1990_5,SD,IDW,4.6124,4.6124
YCDM,1990_6,SD,IDW,20.3442,20.3442
YCDM,1990_7,SD,IDW,9.7751,9.7751
YCDM,1990_8,SD,IDW,15.8932,15.8932
YCDM,1990_9,SD,IDW,18.1797,18.1797
YCDM,1991_5,SD,IDW,5.0981,5.0981
YCDM,1991_6,SD,IDW,24.023,24.023
YCDM,1991_7,SD,IDW,54.1071,54.1071
YCDM,1991_8,SD,IDW,19.8108,19.8108
YCDM,1991_9,SD,IDW,10.9464,10.9464
YCDM,1992_5,SD,IDW,5.3819,5.3819
YCDM,1992_6,SD,IDW,9.3555,9.3555
YCDM,1992_7,SD,IDW,7.2727,7.2727
YCDM,1992_8,SD,IDW,12.2147,12.2147
YCDM,1992_9,SD,IDW,9.6854,9.6854
YCDM,1993_5,SD,IDW,8.3919,8.3919
YCDM,1993_6,SD,IDW,13.2444,13.2444
YCDM,1993_7,SD,IDW,39.4537,39.4537
YCDM,1993_8,SD,IDW,47.8294,47.8294
YCDM,1993_9,SD,IDW,13.7356,13.7356
YCDM,1994_5,SD,IDW,10.2153,10.2153
YCDM,1994_6,SD,IDW,16.4712,16.4712
YCDM,1994_7,SD,IDW,3.3032,3.3032
YCDM,1994_8,SD,IDW,15.9926,15.9926
YCDM,1994_9,SD,IDW,7.5451,7.5451
YCDM,1995_5,SD,IDW,14.3367,14.3367
YCDM,1995_6,SD,IDW,7.0802,7.0802
YCDM,1995_7,SD,IDW,13.6123,13.6123
YCDM,1995_8,SD,IDW,11.4809,11.4809
YCDM,1995_9,SD,IDW,1.9235,1.9235
YCDM,1996_5,SD,IDW,5.5319,5.5319
YCDM,1996_6,SD,IDW,15.2346,15.2346
YCDM,1996_7,SD,IDW,14.0102,14.0102
YCDM,1996_8,SD,IDW,16.3244,16.3244
YCDM,1996_9,SD,IDW,4.6911,4.6911
YCDM,1997_5,SD,IDW,10.3296,10.3296
YCDM,1997_6,SD,IDW,19.9426,19.9426
YCDM,1997_7,SD,IDW,33.6031,33.6031
YCDM,1997_8,SD,IDW,27.1477,27.1477
YCDM,1997_9,SD,IDW,4.905,4.905
YCDM,1998_5,SD,IDW,7.1546,7.1546
YCDM,1998_6,SD,IDW,8.9104,8.9104
YCDM,1998_7,SD,IDW,13.2739,13.2739
YCDM,1998_8,SD,IDW,9.6046,9.6046
YCDM,1998_9,SD,IDW,25.2747,25.2747
YCDM,1999_5,SD,IDW,11.7056,11.7056
YCDM,1999_6,SD,IDW,91.4566,91.4566
YCDM,1999_7,SD,IDW,19.1255,19.1255
YCDM,1999_8,SD,IDW,35.8583,35.8583
YCDM,1999_9,SD,IDW,23.8724,23.8724
YCDM,2000_5,SD,IDW,5.6888,5.6888
YCDM,2000_6,SD,IDW,25.8283,25.8283
YCDM,2000_7,SD,IDW,21.225,21.225
YCDM,2000_8,SD,IDW,16.4349,16.4349
YCDM,2000_9,SD,IDW,7.6241,7.6241
YCDM,2001_5,SD,IDW,4.9146,4.9146
YCDM,2001_6,SD,IDW,39.5141,39.5141
YCDM,2001_7,SD,IDW,32.3265,32.3265
YCDM,2001_8,SD,IDW,27.7159,27.7159
YCDM,2001_9,SD,IDW,4.0669,4.0669
YCDM,2002_5,SD,IDW,6.9171,6.9171
YCDM,2002_6,SD,IDW,21.9307,21.9307
YCDM,2002_7,SD,IDW,10.6934,10.6934
YCDM,2002_8,SD,IDW,19.0857,19.0857
YCDM,2002_9,SD,IDW,6.9866,6.9866
YCDM,2003_5,SD,IDW,9.3243,9.3243
YCDM,2003_6,SD,IDW,10.2817,10.2817
YCDM,2003_7,SD,IDW,41.1344,41.1344
YCDM,2003_8,SD,IDW,5.5123,5.5123
YCDM,2003_9,SD,IDW,8.6048,8.6048
YCDM,2004_5,SD,IDW,7.3607,7.3607
YCDM,2004_6,SD,IDW,28.1219,28.1219
YCDM,2004_7,SD,IDW,23.6502,23.6502
YCDM,2004_8,SD,IDW,12.1909,12.1909
YCDM,2004_9,SD,IDW,17.4234,17.4234
YCDM,2005_5,SD,IDW,14.2951,14.2951
YCDM,2005_6,SD,IDW,7.5266,7.5266
YCDM,2005_7,SD,IDW,15.2969,15.2969
YCDM,2005_8,SD,IDW,18.437,18.437
YCDM,2005_9,SD,IDW,7.6269,7.6269
YCDM,2006_5,SD,IDW,8.8069,8.8069
YCDM,2006_6,SD,IDW,12.6936,12.6936
YCDM,2006_7,SD,IDW,56.1597,56.1597
YCDM,2006_8,SD,IDW,12.3464,12.3464
YCDM,2006_9,SD,IDW,6.4532,6.4532
YCDM,2007_5,SD,IDW,14.6183,14.6183
YCDM,2007_6,SD,IDW,16.2274,16.2274
YCDM,2007_7,SD,IDW,62.7345,62.7345
YCDM,2007_8,SD,IDW,27.2832,27.2832
YCDM,2007_9,SD,IDW,12.1367,12.1367
YCDM,2008_5,SD,IDW,10.0668,10.0668
YCDM,2008_6,SD,IDW,21.8802,21.8802
YCDM,2008_7,SD,IDW,12.7548,12.7548
YCDM,2008_8,SD,IDW,22.1968,22.1968
YCDM,2008_9,SD,IDW,17.8235,17.8235
YCDM,2009_5,SD,IDW,2.7299,2.7299
YCDM,2009_6,SD,IDW,27.433,27.433
YCDM,2009_7,SD,IDW,32.4804,32.4804
YCDM,2009_8,SD,IDW,57.932,57.932
YCDM,2009_9,SD,IDW,22.4497,22.4497
YCDM,2010_5,SD,IDW,10.6125,10.6125
YCDM,2010_6,SD,IDW,14.6429,14.6429
YCDM,2010_7,SD,IDW,16.7096,16.7096
YCDM,2010_8,SD,IDW,36.3095,36.3095
YCDM,2010_9,SD,IDW,25.2225,25.2225
YCDM,2011_5,SD,IDW,12.647,12.647
YCDM,2011_6,SD,IDW,13.6434,13.6434
YCDM,2011_7,SD,IDW,25.9636,25.9636
YCDM,2011_8,SD,IDW,36.2866,36.2866
YCDM,2011_9,SD,IDW,7.2157,7.2157
YCDM,2012_5,SD,IDW,16.719,16.719
YCDM,2012_6,SD,IDW,36.437,36.437
YCDM,2012_7,SD,IDW,15.9592,15.9592
YCDM,2012_8,SD,IDW,18.4281,18.4281
YCDM,2012_9,SD,IDW,10.7402,10.7402
YCDM,2013_5,SD,IDW,10.9001,10.9001
YCDM,2013_6,SD,IDW,12.7921,12.7921
YCDM,2013_7,SD,IDW,17.8742,17.8742
YCDM,2013_8,SD,IDW,13.3372,13.3372
YCDM,2013_9,SD,IDW,20.7011,20.7011
YCDM,2014_5,SD,IDW,5.2754,5.2754
YCDM,2014_6,SD,IDW,25.9794,25.9794
YCDM,2014_7,SD,IDW,18.6809,18.6809
YCDM,2014_8,SD,IDW,44.5668,44.5668
YCDM,2014_9,SD,IDW,10.3838,10.3838
YCDM,2015_5,SD,IDW,10.6627,10.6627
YCDM,2015_6,SD,IDW,107.7379,107.7379
YCDM,2015_7,SD,IDW,12.8209,12.8209
YCDM,2015_8,SD,IDW,29.1926,29.1926
YCDM,2015_9,SD,IDW,13.5309,13.5309
YCDM,2016_5,SD,IDW,17.3288,17.3288
YCDM,2016_6,SD,IDW,30.2685,30.2685
YCDM,2016_7,SD,IDW,35.4642,35.4642
YCDM,2016_8,SD,IDW,8.9325,8.9325
YCDM,2016_9,SD,IDW,17.1182,17.1182
ZX,1979_5,SD,IDW,9.5302,9.5302
ZX,1979_6,SD,IDW,31.3083,31.3083
ZX,1979_7,SD,IDW,29.3727,29.3727
ZX,1979_8,SD,IDW,38.32,38.32
ZX,1979_9,SD,IDW,26.0344,26.0344
ZX,1980_5,SD,IDW,13.2818,13.2818
ZX,1980_6,SD,IDW,25.5052,25.5052
ZX,1980_7,SD,IDW,35.5088,35.5088
ZX,1980_8,SD,IDW,23.1954,23.1954
ZX,1980_9,SD,IDW,23.7839,23.7839
ZX,1981_5,SD,IDW,20.8053,20.8053
ZX,1981_6,SD,IDW,38.6734,38.6734
ZX,1981_7,SD,IDW,48.4111,48.4111
ZX,1981_8,SD,IDW,35.7989,35.7989
ZX,1981_9,SD,IDW,29.1032,29.1032
ZX,1982_5,SD,IDW,15.2315,15.2315
ZX,1982_6,SD,IDW,15.5662,15.5662
ZX,1982_7,SD,IDW,24.3871,24.3871
ZX,1982_8,SD,IDW,27.9061,27.9061
ZX,1982_9,SD,IDW,21.5795,21.5795
ZX,1983_5,SD,IDW,25.1018,25.1018
ZX,1983_6,SD,IDW,30.3644,30.3644
ZX,1983_7,SD,IDW,32.4452,32.4452
ZX,1983_8,SD,IDW,17.2799,17.2799
ZX,1983_9,SD,IDW,58.3507,58.3507
ZX,1984_5,SD,IDW,8.3745,8.3745
ZX,1984_6,SD,IDW,41.0463,41.0463
ZX,1984_7,SD,IDW,24.1267,24.1267
ZX,1984_8,SD,IDW,34.5568,34.5568
ZX,1984_9,SD,IDW,36.6254,36.6254
ZX,1985_5,SD,IDW,10.1158,10.1158
ZX,1985_6,SD,IDW,41.4508,41.4508
ZX,1985_7,SD,IDW,38.4791,38.4791
ZX,1985_8,SD,IDW,26.4845,26.4845
ZX,1985_9,SD,IDW,20.2413,20.2413
ZX,1986_5,SD,IDW,14.9757,14.9757
ZX,1986_6,SD,IDW,44.7866,44.7866
ZX,1986_7,SD,IDW,18.844,18.844
ZX,1986_8,SD,IDW,42.8929,42.8929
ZX,1986_9,SD,IDW,34.8441,34.8441
ZX,1987_5,SD,IDW,12.068,12.068
ZX,1987_6,SD,IDW,14.7931,14.7931
ZX,1987_7,SD,IDW,55.1618,55.1618
ZX,1987_8,SD,IDW,22.0602,22.0602
ZX,1987_9,SD,IDW,22.4435,22.4435
ZX,1988_5,SD,IDW,13.7394,13.7394
ZX,1988_6,SD,IDW,26.7607,26.7607
ZX,1988_7,SD,IDW,37.0122,37.0122
ZX,1988_8,SD,IDW,71.2066,71.2066
ZX,1988_9,SD,IDW,21.0959,21.0959
ZX,1989_5,SD,IDW,29.7391,29.7391
ZX,1989_6,SD,IDW,12.8445,12.8445
ZX,1989_7,SD,IDW,35.648,35.648
ZX,1989_8,SD,IDW,48.8455,48.8455
ZX,1989_9,SD,IDW,24.9398,24.9398
ZX,1990_5,SD,IDW,16.4153,16.4153
ZX,1990_6,SD,IDW,34.0999,34.0999
ZX,1990_7,SD,IDW,11.7542,11.7542
ZX,1990_8,SD,IDW,37.6835,37.6835
ZX,1990_9,SD,IDW,32.6579,32.6579
ZX,1991_5,SD,IDW,31.9377,31.9377
ZX,1991_6,SD,IDW,23.1994,23.1994
ZX,1991_7,SD,IDW,36.4672,36.4672
ZX,1991_8,SD,IDW,14.8214,14.8214
ZX,1991_9,SD,IDW,40.1111,40.1111
ZX,1992_5,SD,IDW,14.3286,14.3286
ZX,1992_6,SD,IDW,25.7933,25.7933
ZX,1992_7,SD,IDW,23.8833,23.8833
ZX,1992_8,SD,IDW,26.5278,26.5278
ZX,1992_9,SD,IDW,25.4034,25.4034
ZX,1993_5,SD,IDW,25.2517,25.2517
ZX,1993_6,SD,IDW,10.8818,10.8818
ZX,1993_7,SD,IDW,20.0553,20.0553
ZX,1993_8,SD,IDW,29.5276,29.5276
ZX,1993_9,SD,IDW,16.7494,16.7494
ZX,1994_5,SD,IDW,17.1658,17.1658
ZX,1994_6,SD,IDW,76.416,76.416
ZX,1994_7,SD,IDW,15.8131,15.8131
ZX,1994_8,SD,IDW,41.4234,41.4234
ZX,1994_9,SD,IDW,5.8448,5.8448
ZX,1995_5,SD,IDW,18.9629,18.9629
ZX,1995_6,SD,IDW,33.5034,33.5034
ZX,1995_7,SD,IDW,13.9001,13.9001
ZX,1995_8,SD,IDW,28.0854,28.0854
ZX,1995_9,SD,IDW,9.6265,9.6265
ZX,1996_5,SD,IDW,2.1196,2.1196
ZX,1996_6,SD,IDW,82.2159,82.2159
ZX,1996_7,SD,IDW,28.5315,28.5315
ZX,1996_8,SD,IDW,42.2207,42.2207
ZX,1996_9,SD,IDW,8.8755,8.8755
ZX,1997_5,SD,IDW,15.0863,15.0863
ZX,1997_6,SD,IDW,23.4707,23.4707
ZX,1997_7,SD,IDW,43.271,43.271
ZX,1997_8,SD,IDW,63.5029,63.5029
ZX,1997_9,SD,IDW,12.8315,12.8315
ZX,1998_5,SD,IDW,18.281,18.281
ZX,1998_6,SD,IDW,19.6916,19.6916
ZX,1998_7,SD,IDW,25.3225,25.3225
ZX,1998_8,SD,IDW,20.665,20.665
ZX,1998_9,SD,IDW,22.9178,22.9178
ZX,1999_5,SD,IDW,8.8472,8.8472
ZX,1999_6,SD,IDW,68.04,68.04
ZX,1999_7,SD,IDW,22.1074,22.1074
ZX,1999_8,SD,IDW,30.4724,30.4724
ZX,1999_9,SD,IDW,11.008,11.008
ZX,2000_5,SD,IDW,16.6554,16.6554
ZX,2000_6,SD,IDW,36.839,36.839
ZX,2000_7,SD,IDW,11.6676,11.6676
ZX,2000_8,SD,IDW,34.223,34.223
ZX,2000_9,SD,IDW,8.4686,8.4686
ZX,2001_5,SD,IDW,17.1258,17.1258
ZX,2001_6,SD,IDW,64.2685,64.2685
ZX,2001_7,SD,IDW,37.4384,37.4384
ZX,2001_8,SD,IDW,32.2732,32.2732
ZX,2001_9,SD,IDW,6.3539,6.3539
ZX,2002_5,SD,IDW,12.6581,12.6581
ZX,2002_6,SD,IDW,20.301,20.301
ZX,2002_7,SD,IDW,12.3847,12.3847
ZX,2002_8,SD,IDW,36.5886,36.5886
ZX,2002_9,SD,IDW,27.7905,27.7905
ZX,2003_5,SD,IDW,21.3172,21.3172
ZX,2003_6,SD,IDW,14.0789,14.0789
ZX,2003_7,SD,IDW,15.6447,15.6447
ZX,2003_8,SD,IDW,21.439,21.439
ZX,2003_9,SD,IDW,21.9275,21.9275
ZX,2004_5,SD,IDW,19.2367,19.2367
ZX,2004_6,SD,IDW,6.621,6.621
ZX,2004_7,SD,IDW,15.6446,15.6446
ZX,2004_8,SD,IDW,27.5141,27.5141
ZX,2004_9,SD,IDW,19.8801,19.8801
ZX,2005_5,SD,IDW,7.3623,7.3623
ZX,2005_6,SD,IDW,23.4395,23.4395
ZX,2005_7,SD,IDW,19.8541,19.8541
ZX,2005_8,SD,IDW,37.3202,37.3202
ZX,2005_9,SD,IDW,25.2613,25.2613
ZX,2006_5,SD,IDW,25.0248,25.0248
ZX,2006_6,SD,IDW,24.8528,24.8528
ZX,2006_7,SD,IDW,30.4263,30.4263
ZX,2006_8,SD,IDW,16.9168,16.9168
ZX,2006_9,SD,IDW,13.8227,13.8227
ZX,2007_5,SD,IDW,16.8097,16.8097
ZX,2007_6,SD,IDW,13.294,13.294
ZX,2007_7,SD,IDW,29.8963,29.8963
ZX,2007_8,SD,IDW,17.9154,17.9154
ZX,2007_9,SD,IDW,21.8776,21.8776
ZX,2008_5,SD,IDW,14.9628,14.9628
ZX,2008_6,SD,IDW,70.1719,70.1719
ZX,2008_7,SD,IDW,43.599,43.599
ZX,2008_8,SD,IDW,28.8108,28.8108
ZX,2008_9,SD,IDW,22.7701,22.7701
ZX,2009_5,SD,IDW,15.3653,15.3653
ZX,2009_6,SD,IDW,25.7752,25.7752
ZX,2009_7,SD,IDW,20.2376,20.2376
ZX,2009_8,SD,IDW,82.6629,82.6629
ZX,2009_9,SD,IDW,18.4113,18.4113
ZX,2010_5,SD,IDW,9.3266,9.3266
ZX,2010_6,SD,IDW,20.3295,20.3295
ZX,2010_7,SD,IDW,43.4752,43.4752
ZX,2010_8,SD,IDW,20.1954,20.1954
ZX,2010_9,SD,IDW,25.3272,25.3272
ZX,2011_5,SD,IDW,20.1996,20.1996
ZX,2011_6,SD,IDW,48.2802,48.2802
ZX,2011_7,SD,IDW,31.7838,31.7838
ZX,2011_8,SD,IDW,43.5182,43.5182
ZX,2011_9,SD,IDW,39.5333,39.5333
ZX,2012_5,SD,IDW,18.9462,18.9462
ZX,2012_6,SD,IDW,70.3155,70.3155
ZX,2012_7,SD,IDW,23.5099,23.5099
ZX,2012_8,SD,IDW,74.0648,74.0648
ZX,2012_9,SD,IDW,25.122,25.122
ZX,2013_5,SD,IDW,11.5441,11.5441
ZX,2013_6,SD,IDW,82.3612,82.3612
ZX,2013_7,SD,IDW,25.3051,25.3051
ZX,2013_8,SD,IDW,45.911,45.911
ZX,2013_9,SD,IDW,28.2767,28.2767
ZX,2014_5,SD,IDW,13.2179,13.2179
ZX,2014_6,SD,IDW,18.9493,18.9493
ZX,2014_7,SD,IDW,29.3907,29.3907
ZX,2014_8,SD,IDW,31.5845,31.5845
ZX,2014_9,SD,IDW,33.2947,33.2947
ZX,2015_5,SD,IDW,17.747,17.747
ZX,2015_6,SD,IDW,27.8308,27.8308
ZX,2015_7,SD,IDW,56.4876,56.4876
ZX,2015_8,SD,IDW,47.7463,47.7463
ZX,2015_9,SD,IDW,23.1794,23.1794
ZX,2016_5,SD,IDW,21.0995,21.0995
ZX,2016_6,SD,IDW,71.6127,71.6127
ZX,2016_7,SD,IDW,42.2081,42.2081
ZX,2016_8,SD,IDW,37.0271,37.0271
ZX,2016_9,SD,IDW,37.3853,37.3853
